2025-09-27 10:50:11.088  INFO 16944 --- [restartedMain] com.star.MyblogApplication               : Starting MyblogApplication on DESKTOP-ARREJ2C with PID 16944 (started by tear in D:\Wj_WUWorkProject\星光博客myblog)
2025-09-27 10:50:11.092 DEBUG 16944 --- [restartedMain] com.star.MyblogApplication               : Running with Spring Boot v2.2.5.RELEASE, Spring v5.2.4.RELEASE
2025-09-27 10:50:11.093  INFO 16944 --- [restartedMain] com.star.MyblogApplication               : No active profile set, falling back to default profiles: default
2025-09-27 10:50:11.135  INFO 16944 --- [restartedMain] .e.DevToolsPropertyDefaultsPostProcessor : Devtools property defaults active! Set 'spring.devtools.add-properties' to 'false' to disable
2025-09-27 10:50:11.136  INFO 16944 --- [restartedMain] .e.DevToolsPropertyDefaultsPostProcessor : For additional web related logging consider setting the 'logging.level.web' property to 'DEBUG'
2025-09-27 10:50:11.737  INFO 16944 --- [restartedMain] .s.d.r.c.RepositoryConfigurationDelegate : Multiple Spring Data modules found, entering strict repository configuration mode!
2025-09-27 10:50:11.739  INFO 16944 --- [restartedMain] .s.d.r.c.RepositoryConfigurationDelegate : Bootstrapping Spring Data Redis repositories in DEFAULT mode.
2025-09-27 10:50:11.763  INFO 16944 --- [restartedMain] .s.d.r.c.RepositoryConfigurationDelegate : Finished Spring Data repository scanning in 12ms. Found 0 Redis repository interfaces.
2025-09-27 10:50:12.283  INFO 16944 --- [restartedMain] trationDelegate$BeanPostProcessorChecker : Bean 'redisConfig' of type [com.star.config.RedisConfig$$EnhancerBySpringCGLIB$$de418c99] is not eligible for getting processed by all BeanPostProcessors (for example: not eligible for auto-proxying)
2025-09-27 10:50:12.574  INFO 16944 --- [restartedMain] o.s.b.w.embedded.tomcat.TomcatWebServer  : Tomcat initialized with port(s): 80 (http)
2025-09-27 10:50:12.585  INFO 16944 --- [restartedMain] o.apache.catalina.core.StandardService   : Starting service [Tomcat]
2025-09-27 10:50:12.585  INFO 16944 --- [restartedMain] org.apache.catalina.core.StandardEngine  : Starting Servlet engine: [Apache Tomcat/9.0.31]
2025-09-27 10:50:12.652  INFO 16944 --- [restartedMain] o.a.c.c.C.[Tomcat].[localhost].[/]       : Initializing Spring embedded WebApplicationContext
2025-09-27 10:50:12.652  INFO 16944 --- [restartedMain] o.s.web.context.ContextLoader            : Root WebApplicationContext: initialization completed in 1516 ms
2025-09-27 10:50:13.763  INFO 16944 --- [restartedMain] o.s.s.concurrent.ThreadPoolTaskExecutor  : Initializing ExecutorService 'applicationTaskExecutor'
2025-09-27 10:50:13.855  INFO 16944 --- [restartedMain] o.s.b.a.w.s.WelcomePageHandlerMapping    : Adding welcome page template: index
2025-09-27 10:50:14.308  INFO 16944 --- [restartedMain] o.s.b.d.a.OptionalLiveReloadServer       : LiveReload server is running on port 35729
2025-09-27 10:50:14.368  INFO 16944 --- [restartedMain] o.s.b.w.embedded.tomcat.TomcatWebServer  : Tomcat started on port(s): 80 (http) with context path ''
2025-09-27 10:50:14.370  INFO 16944 --- [restartedMain] com.star.MyblogApplication               : Started MyblogApplication in 3.67 seconds (JVM running for 4.452)
2025-09-27 10:52:12.195  INFO 16944 --- [http-nio-80-exec-1] o.a.c.c.C.[Tomcat].[localhost].[/]       : Initializing Spring DispatcherServlet 'dispatcherServlet'
2025-09-27 10:52:12.195  INFO 16944 --- [http-nio-80-exec-1] o.s.web.servlet.DispatcherServlet        : Initializing Servlet 'dispatcherServlet'
2025-09-27 10:52:12.203  INFO 16944 --- [http-nio-80-exec-1] o.s.web.servlet.DispatcherServlet        : Completed initialization in 8 ms
2025-09-27 10:52:12.230  INFO 16944 --- [http-nio-80-exec-1] com.star.aspect.LogAspect                : Request : {url='http://localhost/', ip='0:0:0:0:0:0:0:1', classMethod='com.star.controller.IndexController.index', args=[{}, 1, {}]}
2025-09-27 10:52:12.247  INFO 16944 --- [http-nio-80-exec-1] com.zaxxer.hikari.HikariDataSource       : HikariPool-1 - Starting...
2025-09-27 10:52:13.799 ERROR 16944 --- [http-nio-80-exec-1] com.zaxxer.hikari.pool.HikariPool        : HikariPool-1 - Exception during pool initialization.

com.mysql.cj.jdbc.exceptions.CommunicationsException: Communications link failure

The last packet sent successfully to the server was 0 milliseconds ago. The driver has not received any packets from the server.
	at com.mysql.cj.jdbc.exceptions.SQLError.createCommunicationsException(SQLError.java:174) ~[mysql-connector-java-8.0.19.jar:8.0.19]
	at com.mysql.cj.jdbc.exceptions.SQLExceptionsMapping.translateException(SQLExceptionsMapping.java:64) ~[mysql-connector-java-8.0.19.jar:8.0.19]
	at com.mysql.cj.jdbc.ConnectionImpl.createNewIO(ConnectionImpl.java:836) ~[mysql-connector-java-8.0.19.jar:8.0.19]
	at com.mysql.cj.jdbc.ConnectionImpl.<init>(ConnectionImpl.java:456) ~[mysql-connector-java-8.0.19.jar:8.0.19]
	at com.mysql.cj.jdbc.ConnectionImpl.getInstance(ConnectionImpl.java:246) ~[mysql-connector-java-8.0.19.jar:8.0.19]
	at com.mysql.cj.jdbc.NonRegisteringDriver.connect(NonRegisteringDriver.java:197) ~[mysql-connector-java-8.0.19.jar:8.0.19]
	at com.zaxxer.hikari.util.DriverDataSource.getConnection(DriverDataSource.java:138) ~[HikariCP-3.4.2.jar:na]
	at com.zaxxer.hikari.pool.PoolBase.newConnection(PoolBase.java:354) ~[HikariCP-3.4.2.jar:na]
	at com.zaxxer.hikari.pool.PoolBase.newPoolEntry(PoolBase.java:202) ~[HikariCP-3.4.2.jar:na]
	at com.zaxxer.hikari.pool.HikariPool.createPoolEntry(HikariPool.java:473) ~[HikariCP-3.4.2.jar:na]
	at com.zaxxer.hikari.pool.HikariPool.checkFailFast(HikariPool.java:554) ~[HikariCP-3.4.2.jar:na]
	at com.zaxxer.hikari.pool.HikariPool.<init>(HikariPool.java:115) ~[HikariCP-3.4.2.jar:na]
	at com.zaxxer.hikari.HikariDataSource.getConnection(HikariDataSource.java:112) ~[HikariCP-3.4.2.jar:na]
	at com.github.pagehelper.page.PageAutoDialect.getUrl(PageAutoDialect.java:177) ~[pagehelper-5.1.10.jar:na]
	at com.github.pagehelper.page.PageAutoDialect.getDialect(PageAutoDialect.java:203) ~[pagehelper-5.1.10.jar:na]
	at com.github.pagehelper.page.PageAutoDialect.initDelegateDialect(PageAutoDialect.java:99) ~[pagehelper-5.1.10.jar:na]
	at com.github.pagehelper.PageHelper.skip(PageHelper.java:66) ~[pagehelper-5.1.10.jar:na]
	at com.github.pagehelper.PageInterceptor.intercept(PageInterceptor.java:93) ~[pagehelper-5.1.10.jar:na]
	at org.apache.ibatis.plugin.Plugin.invoke(Plugin.java:61) ~[mybatis-3.5.4.jar:3.5.4]
	at jdk.proxy2/jdk.proxy2.$Proxy140.query(Unknown Source) ~[na:na]
	at org.apache.ibatis.session.defaults.DefaultSqlSession.selectList(DefaultSqlSession.java:147) ~[mybatis-3.5.4.jar:3.5.4]
	at org.apache.ibatis.session.defaults.DefaultSqlSession.selectList(DefaultSqlSession.java:140) ~[mybatis-3.5.4.jar:3.5.4]
	at java.base/jdk.internal.reflect.DirectMethodHandleAccessor.invoke(DirectMethodHandleAccessor.java:103) ~[na:na]
	at java.base/java.lang.reflect.Method.invoke(Method.java:580) ~[na:na]
	at org.mybatis.spring.SqlSessionTemplate$SqlSessionInterceptor.invoke(SqlSessionTemplate.java:426) ~[mybatis-spring-2.0.4.jar:2.0.4]
	at jdk.proxy2/jdk.proxy2.$Proxy91.selectList(Unknown Source) ~[na:na]
	at org.mybatis.spring.SqlSessionTemplate.selectList(SqlSessionTemplate.java:223) ~[mybatis-spring-2.0.4.jar:2.0.4]
	at org.apache.ibatis.binding.MapperMethod.executeForMany(MapperMethod.java:147) ~[mybatis-3.5.4.jar:3.5.4]
	at org.apache.ibatis.binding.MapperMethod.execute(MapperMethod.java:80) ~[mybatis-3.5.4.jar:3.5.4]
	at org.apache.ibatis.binding.MapperProxy$PlainMethodInvoker.invoke(MapperProxy.java:144) ~[mybatis-3.5.4.jar:3.5.4]
	at org.apache.ibatis.binding.MapperProxy.invoke(MapperProxy.java:85) ~[mybatis-3.5.4.jar:3.5.4]
	at jdk.proxy3/jdk.proxy3.$Proxy99.getFirstPageBlog(Unknown Source) ~[na:na]
	at java.base/jdk.internal.reflect.DirectMethodHandleAccessor.invoke(DirectMethodHandleAccessor.java:103) ~[na:na]
	at java.base/java.lang.reflect.Method.invoke(Method.java:580) ~[na:na]
	at org.springframework.aop.support.AopUtils.invokeJoinpointUsingReflection(AopUtils.java:344) ~[spring-aop-5.2.4.RELEASE.jar:5.2.4.RELEASE]
	at org.springframework.aop.framework.ReflectiveMethodInvocation.invokeJoinpoint(ReflectiveMethodInvocation.java:198) ~[spring-aop-5.2.4.RELEASE.jar:5.2.4.RELEASE]
	at org.springframework.aop.framework.ReflectiveMethodInvocation.proceed(ReflectiveMethodInvocation.java:163) ~[spring-aop-5.2.4.RELEASE.jar:5.2.4.RELEASE]
	at org.springframework.dao.support.PersistenceExceptionTranslationInterceptor.invoke(PersistenceExceptionTranslationInterceptor.java:139) ~[spring-tx-5.2.4.RELEASE.jar:5.2.4.RELEASE]
	at org.springframework.aop.framework.ReflectiveMethodInvocation.proceed(ReflectiveMethodInvocation.java:186) ~[spring-aop-5.2.4.RELEASE.jar:5.2.4.RELEASE]
	at org.springframework.aop.framework.JdkDynamicAopProxy.invoke(JdkDynamicAopProxy.java:212) ~[spring-aop-5.2.4.RELEASE.jar:5.2.4.RELEASE]
	at jdk.proxy3/jdk.proxy3.$Proxy100.getFirstPageBlog(Unknown Source) ~[na:na]
	at com.star.service.Impl.BlogServiceImpl.getAllFirstPageBlog(BlogServiceImpl.java:77) ~[classes/:na]
	at com.star.controller.IndexController.index(IndexController.java:39) ~[classes/:na]
	at com.star.controller.IndexController$$FastClassBySpringCGLIB$$4b929c4b.invoke(<generated>) ~[classes/:na]
	at org.springframework.cglib.proxy.MethodProxy.invoke(MethodProxy.java:218) ~[spring-core-5.2.4.RELEASE.jar:5.2.4.RELEASE]
	at org.springframework.aop.framework.CglibAopProxy$CglibMethodInvocation.invokeJoinpoint(CglibAopProxy.java:769) ~[spring-aop-5.2.4.RELEASE.jar:5.2.4.RELEASE]
	at org.springframework.aop.framework.ReflectiveMethodInvocation.proceed(ReflectiveMethodInvocation.java:163) ~[spring-aop-5.2.4.RELEASE.jar:5.2.4.RELEASE]
	at org.springframework.aop.framework.CglibAopProxy$CglibMethodInvocation.proceed(CglibAopProxy.java:747) ~[spring-aop-5.2.4.RELEASE.jar:5.2.4.RELEASE]
	at org.springframework.aop.framework.adapter.MethodBeforeAdviceInterceptor.invoke(MethodBeforeAdviceInterceptor.java:56) ~[spring-aop-5.2.4.RELEASE.jar:5.2.4.RELEASE]
	at org.springframework.aop.framework.ReflectiveMethodInvocation.proceed(ReflectiveMethodInvocation.java:186) ~[spring-aop-5.2.4.RELEASE.jar:5.2.4.RELEASE]
	at org.springframework.aop.framework.CglibAopProxy$CglibMethodInvocation.proceed(CglibAopProxy.java:747) ~[spring-aop-5.2.4.RELEASE.jar:5.2.4.RELEASE]
	at org.springframework.aop.aspectj.AspectJAfterAdvice.invoke(AspectJAfterAdvice.java:47) ~[spring-aop-5.2.4.RELEASE.jar:5.2.4.RELEASE]
	at org.springframework.aop.framework.ReflectiveMethodInvocation.proceed(ReflectiveMethodInvocation.java:186) ~[spring-aop-5.2.4.RELEASE.jar:5.2.4.RELEASE]
	at org.springframework.aop.framework.CglibAopProxy$CglibMethodInvocation.proceed(CglibAopProxy.java:747) ~[spring-aop-5.2.4.RELEASE.jar:5.2.4.RELEASE]
	at org.springframework.aop.framework.adapter.AfterReturningAdviceInterceptor.invoke(AfterReturningAdviceInterceptor.java:55) ~[spring-aop-5.2.4.RELEASE.jar:5.2.4.RELEASE]
	at org.springframework.aop.framework.ReflectiveMethodInvocation.proceed(ReflectiveMethodInvocation.java:186) ~[spring-aop-5.2.4.RELEASE.jar:5.2.4.RELEASE]
	at org.springframework.aop.framework.CglibAopProxy$CglibMethodInvocation.proceed(CglibAopProxy.java:747) ~[spring-aop-5.2.4.RELEASE.jar:5.2.4.RELEASE]
	at org.springframework.aop.interceptor.ExposeInvocationInterceptor.invoke(ExposeInvocationInterceptor.java:95) ~[spring-aop-5.2.4.RELEASE.jar:5.2.4.RELEASE]
	at org.springframework.aop.framework.ReflectiveMethodInvocation.proceed(ReflectiveMethodInvocation.java:186) ~[spring-aop-5.2.4.RELEASE.jar:5.2.4.RELEASE]
	at org.springframework.aop.framework.CglibAopProxy$CglibMethodInvocation.proceed(CglibAopProxy.java:747) ~[spring-aop-5.2.4.RELEASE.jar:5.2.4.RELEASE]
	at org.springframework.aop.framework.CglibAopProxy$DynamicAdvisedInterceptor.intercept(CglibAopProxy.java:689) ~[spring-aop-5.2.4.RELEASE.jar:5.2.4.RELEASE]
	at com.star.controller.IndexController$$EnhancerBySpringCGLIB$$a5321199.index(<generated>) ~[classes/:na]
	at java.base/jdk.internal.reflect.DirectMethodHandleAccessor.invoke(DirectMethodHandleAccessor.java:103) ~[na:na]
	at java.base/java.lang.reflect.Method.invoke(Method.java:580) ~[na:na]
	at org.springframework.web.method.support.InvocableHandlerMethod.doInvoke(InvocableHandlerMethod.java:190) ~[spring-web-5.2.4.RELEASE.jar:5.2.4.RELEASE]
	at org.springframework.web.method.support.InvocableHandlerMethod.invokeForRequest(InvocableHandlerMethod.java:138) ~[spring-web-5.2.4.RELEASE.jar:5.2.4.RELEASE]
	at org.springframework.web.servlet.mvc.method.annotation.ServletInvocableHandlerMethod.invokeAndHandle(ServletInvocableHandlerMethod.java:106) ~[spring-webmvc-5.2.4.RELEASE.jar:5.2.4.RELEASE]
	at org.springframework.web.servlet.mvc.method.annotation.RequestMappingHandlerAdapter.invokeHandlerMethod(RequestMappingHandlerAdapter.java:879) ~[spring-webmvc-5.2.4.RELEASE.jar:5.2.4.RELEASE]
	at org.springframework.web.servlet.mvc.method.annotation.RequestMappingHandlerAdapter.handleInternal(RequestMappingHandlerAdapter.java:793) ~[spring-webmvc-5.2.4.RELEASE.jar:5.2.4.RELEASE]
	at org.springframework.web.servlet.mvc.method.AbstractHandlerMethodAdapter.handle(AbstractHandlerMethodAdapter.java:87) ~[spring-webmvc-5.2.4.RELEASE.jar:5.2.4.RELEASE]
	at org.springframework.web.servlet.DispatcherServlet.doDispatch(DispatcherServlet.java:1040) ~[spring-webmvc-5.2.4.RELEASE.jar:5.2.4.RELEASE]
	at org.springframework.web.servlet.DispatcherServlet.doService(DispatcherServlet.java:943) ~[spring-webmvc-5.2.4.RELEASE.jar:5.2.4.RELEASE]
	at org.springframework.web.servlet.FrameworkServlet.processRequest(FrameworkServlet.java:1006) ~[spring-webmvc-5.2.4.RELEASE.jar:5.2.4.RELEASE]
	at org.springframework.web.servlet.FrameworkServlet.doGet(FrameworkServlet.java:898) ~[spring-webmvc-5.2.4.RELEASE.jar:5.2.4.RELEASE]
	at javax.servlet.http.HttpServlet.service(HttpServlet.java:634) ~[tomcat-embed-core-9.0.31.jar:9.0.31]
	at org.springframework.web.servlet.FrameworkServlet.service(FrameworkServlet.java:883) ~[spring-webmvc-5.2.4.RELEASE.jar:5.2.4.RELEASE]
	at javax.servlet.http.HttpServlet.service(HttpServlet.java:741) ~[tomcat-embed-core-9.0.31.jar:9.0.31]
	at org.apache.catalina.core.ApplicationFilterChain.internalDoFilter(ApplicationFilterChain.java:231) ~[tomcat-embed-core-9.0.31.jar:9.0.31]
	at org.apache.catalina.core.ApplicationFilterChain.doFilter(ApplicationFilterChain.java:166) ~[tomcat-embed-core-9.0.31.jar:9.0.31]
	at org.apache.tomcat.websocket.server.WsFilter.doFilter(WsFilter.java:53) ~[tomcat-embed-websocket-9.0.31.jar:9.0.31]
	at org.apache.catalina.core.ApplicationFilterChain.internalDoFilter(ApplicationFilterChain.java:193) ~[tomcat-embed-core-9.0.31.jar:9.0.31]
	at org.apache.catalina.core.ApplicationFilterChain.doFilter(ApplicationFilterChain.java:166) ~[tomcat-embed-core-9.0.31.jar:9.0.31]
	at org.springframework.web.filter.RequestContextFilter.doFilterInternal(RequestContextFilter.java:100) ~[spring-web-5.2.4.RELEASE.jar:5.2.4.RELEASE]
	at org.springframework.web.filter.OncePerRequestFilter.doFilter(OncePerRequestFilter.java:119) ~[spring-web-5.2.4.RELEASE.jar:5.2.4.RELEASE]
	at org.apache.catalina.core.ApplicationFilterChain.internalDoFilter(ApplicationFilterChain.java:193) ~[tomcat-embed-core-9.0.31.jar:9.0.31]
	at org.apache.catalina.core.ApplicationFilterChain.doFilter(ApplicationFilterChain.java:166) ~[tomcat-embed-core-9.0.31.jar:9.0.31]
	at org.springframework.web.filter.FormContentFilter.doFilterInternal(FormContentFilter.java:93) ~[spring-web-5.2.4.RELEASE.jar:5.2.4.RELEASE]
	at org.springframework.web.filter.OncePerRequestFilter.doFilter(OncePerRequestFilter.java:119) ~[spring-web-5.2.4.RELEASE.jar:5.2.4.RELEASE]
	at org.apache.catalina.core.ApplicationFilterChain.internalDoFilter(ApplicationFilterChain.java:193) ~[tomcat-embed-core-9.0.31.jar:9.0.31]
	at org.apache.catalina.core.ApplicationFilterChain.doFilter(ApplicationFilterChain.java:166) ~[tomcat-embed-core-9.0.31.jar:9.0.31]
	at org.springframework.web.filter.CharacterEncodingFilter.doFilterInternal(CharacterEncodingFilter.java:201) ~[spring-web-5.2.4.RELEASE.jar:5.2.4.RELEASE]
	at org.springframework.web.filter.OncePerRequestFilter.doFilter(OncePerRequestFilter.java:119) ~[spring-web-5.2.4.RELEASE.jar:5.2.4.RELEASE]
	at org.apache.catalina.core.ApplicationFilterChain.internalDoFilter(ApplicationFilterChain.java:193) ~[tomcat-embed-core-9.0.31.jar:9.0.31]
	at org.apache.catalina.core.ApplicationFilterChain.doFilter(ApplicationFilterChain.java:166) ~[tomcat-embed-core-9.0.31.jar:9.0.31]
	at org.apache.catalina.core.StandardWrapperValve.invoke(StandardWrapperValve.java:202) ~[tomcat-embed-core-9.0.31.jar:9.0.31]
	at org.apache.catalina.core.StandardContextValve.invoke(StandardContextValve.java:96) ~[tomcat-embed-core-9.0.31.jar:9.0.31]
	at org.apache.catalina.authenticator.AuthenticatorBase.invoke(AuthenticatorBase.java:541) ~[tomcat-embed-core-9.0.31.jar:9.0.31]
	at org.apache.catalina.core.StandardHostValve.invoke(StandardHostValve.java:139) ~[tomcat-embed-core-9.0.31.jar:9.0.31]
	at org.apache.catalina.valves.ErrorReportValve.invoke(ErrorReportValve.java:92) ~[tomcat-embed-core-9.0.31.jar:9.0.31]
	at org.apache.catalina.core.StandardEngineValve.invoke(StandardEngineValve.java:74) ~[tomcat-embed-core-9.0.31.jar:9.0.31]
	at org.apache.catalina.connector.CoyoteAdapter.service(CoyoteAdapter.java:343) ~[tomcat-embed-core-9.0.31.jar:9.0.31]
	at org.apache.coyote.http11.Http11Processor.service(Http11Processor.java:367) ~[tomcat-embed-core-9.0.31.jar:9.0.31]
	at org.apache.coyote.AbstractProcessorLight.process(AbstractProcessorLight.java:65) ~[tomcat-embed-core-9.0.31.jar:9.0.31]
	at org.apache.coyote.AbstractProtocol$ConnectionHandler.process(AbstractProtocol.java:868) ~[tomcat-embed-core-9.0.31.jar:9.0.31]
	at org.apache.tomcat.util.net.NioEndpoint$SocketProcessor.doRun(NioEndpoint.java:1639) ~[tomcat-embed-core-9.0.31.jar:9.0.31]
	at org.apache.tomcat.util.net.SocketProcessorBase.run(SocketProcessorBase.java:49) ~[tomcat-embed-core-9.0.31.jar:9.0.31]
	at java.base/java.util.concurrent.ThreadPoolExecutor.runWorker(ThreadPoolExecutor.java:1144) ~[na:na]
	at java.base/java.util.concurrent.ThreadPoolExecutor$Worker.run(ThreadPoolExecutor.java:642) ~[na:na]
	at org.apache.tomcat.util.threads.TaskThread$WrappingRunnable.run(TaskThread.java:61) ~[tomcat-embed-core-9.0.31.jar:9.0.31]
	at java.base/java.lang.Thread.run(Thread.java:1583) ~[na:na]
Caused by: com.mysql.cj.exceptions.CJCommunicationsException: Communications link failure

The last packet sent successfully to the server was 0 milliseconds ago. The driver has not received any packets from the server.
	at java.base/jdk.internal.reflect.DirectConstructorHandleAccessor.newInstance(DirectConstructorHandleAccessor.java:62) ~[na:na]
	at java.base/java.lang.reflect.Constructor.newInstanceWithCaller(Constructor.java:502) ~[na:na]
	at java.base/java.lang.reflect.Constructor.newInstance(Constructor.java:486) ~[na:na]
	at com.mysql.cj.exceptions.ExceptionFactory.createException(ExceptionFactory.java:61) ~[mysql-connector-java-8.0.19.jar:8.0.19]
	at com.mysql.cj.exceptions.ExceptionFactory.createException(ExceptionFactory.java:105) ~[mysql-connector-java-8.0.19.jar:8.0.19]
	at com.mysql.cj.exceptions.ExceptionFactory.createException(ExceptionFactory.java:151) ~[mysql-connector-java-8.0.19.jar:8.0.19]
	at com.mysql.cj.exceptions.ExceptionFactory.createCommunicationsException(ExceptionFactory.java:167) ~[mysql-connector-java-8.0.19.jar:8.0.19]
	at com.mysql.cj.protocol.a.NativeProtocol.readMessage(NativeProtocol.java:539) ~[mysql-connector-java-8.0.19.jar:8.0.19]
	at com.mysql.cj.protocol.a.NativeProtocol.readServerCapabilities(NativeProtocol.java:491) ~[mysql-connector-java-8.0.19.jar:8.0.19]
	at com.mysql.cj.protocol.a.NativeProtocol.beforeHandshake(NativeProtocol.java:381) ~[mysql-connector-java-8.0.19.jar:8.0.19]
	at com.mysql.cj.protocol.a.NativeProtocol.connect(NativeProtocol.java:1338) ~[mysql-connector-java-8.0.19.jar:8.0.19]
	at com.mysql.cj.NativeSession.connect(NativeSession.java:157) ~[mysql-connector-java-8.0.19.jar:8.0.19]
	at com.mysql.cj.jdbc.ConnectionImpl.connectOneTryOnly(ConnectionImpl.java:956) ~[mysql-connector-java-8.0.19.jar:8.0.19]
	at com.mysql.cj.jdbc.ConnectionImpl.createNewIO(ConnectionImpl.java:826) ~[mysql-connector-java-8.0.19.jar:8.0.19]
	... 107 common frames omitted
Caused by: java.net.SocketException: Connection reset
	at java.base/sun.nio.ch.NioSocketImpl.implRead(NioSocketImpl.java:318) ~[na:na]
	at java.base/sun.nio.ch.NioSocketImpl.read(NioSocketImpl.java:346) ~[na:na]
	at java.base/sun.nio.ch.NioSocketImpl$1.read(NioSocketImpl.java:796) ~[na:na]
	at java.base/java.net.Socket$SocketInputStream.read(Socket.java:1099) ~[na:na]
	at com.mysql.cj.protocol.ReadAheadInputStream.fill(ReadAheadInputStream.java:107) ~[mysql-connector-java-8.0.19.jar:8.0.19]
	at com.mysql.cj.protocol.ReadAheadInputStream.readFromUnderlyingStreamIfNecessary(ReadAheadInputStream.java:150) ~[mysql-connector-java-8.0.19.jar:8.0.19]
	at com.mysql.cj.protocol.ReadAheadInputStream.read(ReadAheadInputStream.java:180) ~[mysql-connector-java-8.0.19.jar:8.0.19]
	at java.base/java.io.FilterInputStream.read(FilterInputStream.java:119) ~[na:na]
	at com.mysql.cj.protocol.FullReadInputStream.readFully(FullReadInputStream.java:64) ~[mysql-connector-java-8.0.19.jar:8.0.19]
	at com.mysql.cj.protocol.a.SimplePacketReader.readHeader(SimplePacketReader.java:63) ~[mysql-connector-java-8.0.19.jar:8.0.19]
	at com.mysql.cj.protocol.a.SimplePacketReader.readHeader(SimplePacketReader.java:45) ~[mysql-connector-java-8.0.19.jar:8.0.19]
	at com.mysql.cj.protocol.a.NativeProtocol.readMessage(NativeProtocol.java:533) ~[mysql-connector-java-8.0.19.jar:8.0.19]
	... 113 common frames omitted

2025-09-27 10:52:13.807 ERROR 16944 --- [http-nio-80-exec-1] c.s.hander.ControllerExceptionHandler    : Requst URL : http://localhost/，Exception : {}

org.mybatis.spring.MyBatisSystemException: nested exception is org.apache.ibatis.exceptions.PersistenceException: 
### Error querying database.  Cause: com.github.pagehelper.PageException: com.mysql.cj.jdbc.exceptions.CommunicationsException: Communications link failure

The last packet sent successfully to the server was 0 milliseconds ago. The driver has not received any packets from the server.
### Cause: com.github.pagehelper.PageException: com.mysql.cj.jdbc.exceptions.CommunicationsException: Communications link failure

The last packet sent successfully to the server was 0 milliseconds ago. The driver has not received any packets from the server.
	at org.mybatis.spring.MyBatisExceptionTranslator.translateExceptionIfPossible(MyBatisExceptionTranslator.java:92) ~[mybatis-spring-2.0.4.jar:2.0.4]
	at org.mybatis.spring.SqlSessionTemplate$SqlSessionInterceptor.invoke(SqlSessionTemplate.java:440) ~[mybatis-spring-2.0.4.jar:2.0.4]
	at jdk.proxy2/jdk.proxy2.$Proxy91.selectList(Unknown Source) ~[na:na]
	at org.mybatis.spring.SqlSessionTemplate.selectList(SqlSessionTemplate.java:223) ~[mybatis-spring-2.0.4.jar:2.0.4]
	at org.apache.ibatis.binding.MapperMethod.executeForMany(MapperMethod.java:147) ~[mybatis-3.5.4.jar:3.5.4]
	at org.apache.ibatis.binding.MapperMethod.execute(MapperMethod.java:80) ~[mybatis-3.5.4.jar:3.5.4]
	at org.apache.ibatis.binding.MapperProxy$PlainMethodInvoker.invoke(MapperProxy.java:144) ~[mybatis-3.5.4.jar:3.5.4]
	at org.apache.ibatis.binding.MapperProxy.invoke(MapperProxy.java:85) ~[mybatis-3.5.4.jar:3.5.4]
	at jdk.proxy3/jdk.proxy3.$Proxy99.getFirstPageBlog(Unknown Source) ~[na:na]
	at java.base/jdk.internal.reflect.DirectMethodHandleAccessor.invoke(DirectMethodHandleAccessor.java:103) ~[na:na]
	at java.base/java.lang.reflect.Method.invoke(Method.java:580) ~[na:na]
	at org.springframework.aop.support.AopUtils.invokeJoinpointUsingReflection(AopUtils.java:344) ~[spring-aop-5.2.4.RELEASE.jar:5.2.4.RELEASE]
	at org.springframework.aop.framework.ReflectiveMethodInvocation.invokeJoinpoint(ReflectiveMethodInvocation.java:198) ~[spring-aop-5.2.4.RELEASE.jar:5.2.4.RELEASE]
	at org.springframework.aop.framework.ReflectiveMethodInvocation.proceed(ReflectiveMethodInvocation.java:163) ~[spring-aop-5.2.4.RELEASE.jar:5.2.4.RELEASE]
	at org.springframework.dao.support.PersistenceExceptionTranslationInterceptor.invoke(PersistenceExceptionTranslationInterceptor.java:139) ~[spring-tx-5.2.4.RELEASE.jar:5.2.4.RELEASE]
	at org.springframework.aop.framework.ReflectiveMethodInvocation.proceed(ReflectiveMethodInvocation.java:186) ~[spring-aop-5.2.4.RELEASE.jar:5.2.4.RELEASE]
	at org.springframework.aop.framework.JdkDynamicAopProxy.invoke(JdkDynamicAopProxy.java:212) ~[spring-aop-5.2.4.RELEASE.jar:5.2.4.RELEASE]
	at jdk.proxy3/jdk.proxy3.$Proxy100.getFirstPageBlog(Unknown Source) ~[na:na]
	at com.star.service.Impl.BlogServiceImpl.getAllFirstPageBlog(BlogServiceImpl.java:77) ~[classes/:na]
	at com.star.controller.IndexController.index(IndexController.java:39) ~[classes/:na]
	at com.star.controller.IndexController$$FastClassBySpringCGLIB$$4b929c4b.invoke(<generated>) ~[classes/:na]
	at org.springframework.cglib.proxy.MethodProxy.invoke(MethodProxy.java:218) ~[spring-core-5.2.4.RELEASE.jar:5.2.4.RELEASE]
	at org.springframework.aop.framework.CglibAopProxy$CglibMethodInvocation.invokeJoinpoint(CglibAopProxy.java:769) ~[spring-aop-5.2.4.RELEASE.jar:5.2.4.RELEASE]
	at org.springframework.aop.framework.ReflectiveMethodInvocation.proceed(ReflectiveMethodInvocation.java:163) ~[spring-aop-5.2.4.RELEASE.jar:5.2.4.RELEASE]
	at org.springframework.aop.framework.CglibAopProxy$CglibMethodInvocation.proceed(CglibAopProxy.java:747) ~[spring-aop-5.2.4.RELEASE.jar:5.2.4.RELEASE]
	at org.springframework.aop.framework.adapter.MethodBeforeAdviceInterceptor.invoke(MethodBeforeAdviceInterceptor.java:56) ~[spring-aop-5.2.4.RELEASE.jar:5.2.4.RELEASE]
	at org.springframework.aop.framework.ReflectiveMethodInvocation.proceed(ReflectiveMethodInvocation.java:186) ~[spring-aop-5.2.4.RELEASE.jar:5.2.4.RELEASE]
	at org.springframework.aop.framework.CglibAopProxy$CglibMethodInvocation.proceed(CglibAopProxy.java:747) ~[spring-aop-5.2.4.RELEASE.jar:5.2.4.RELEASE]
	at org.springframework.aop.aspectj.AspectJAfterAdvice.invoke(AspectJAfterAdvice.java:47) ~[spring-aop-5.2.4.RELEASE.jar:5.2.4.RELEASE]
	at org.springframework.aop.framework.ReflectiveMethodInvocation.proceed(ReflectiveMethodInvocation.java:186) ~[spring-aop-5.2.4.RELEASE.jar:5.2.4.RELEASE]
	at org.springframework.aop.framework.CglibAopProxy$CglibMethodInvocation.proceed(CglibAopProxy.java:747) ~[spring-aop-5.2.4.RELEASE.jar:5.2.4.RELEASE]
	at org.springframework.aop.framework.adapter.AfterReturningAdviceInterceptor.invoke(AfterReturningAdviceInterceptor.java:55) ~[spring-aop-5.2.4.RELEASE.jar:5.2.4.RELEASE]
	at org.springframework.aop.framework.ReflectiveMethodInvocation.proceed(ReflectiveMethodInvocation.java:186) ~[spring-aop-5.2.4.RELEASE.jar:5.2.4.RELEASE]
	at org.springframework.aop.framework.CglibAopProxy$CglibMethodInvocation.proceed(CglibAopProxy.java:747) ~[spring-aop-5.2.4.RELEASE.jar:5.2.4.RELEASE]
	at org.springframework.aop.interceptor.ExposeInvocationInterceptor.invoke(ExposeInvocationInterceptor.java:95) ~[spring-aop-5.2.4.RELEASE.jar:5.2.4.RELEASE]
	at org.springframework.aop.framework.ReflectiveMethodInvocation.proceed(ReflectiveMethodInvocation.java:186) ~[spring-aop-5.2.4.RELEASE.jar:5.2.4.RELEASE]
	at org.springframework.aop.framework.CglibAopProxy$CglibMethodInvocation.proceed(CglibAopProxy.java:747) ~[spring-aop-5.2.4.RELEASE.jar:5.2.4.RELEASE]
	at org.springframework.aop.framework.CglibAopProxy$DynamicAdvisedInterceptor.intercept(CglibAopProxy.java:689) ~[spring-aop-5.2.4.RELEASE.jar:5.2.4.RELEASE]
	at com.star.controller.IndexController$$EnhancerBySpringCGLIB$$a5321199.index(<generated>) ~[classes/:na]
	at java.base/jdk.internal.reflect.DirectMethodHandleAccessor.invoke(DirectMethodHandleAccessor.java:103) ~[na:na]
	at java.base/java.lang.reflect.Method.invoke(Method.java:580) ~[na:na]
	at org.springframework.web.method.support.InvocableHandlerMethod.doInvoke(InvocableHandlerMethod.java:190) ~[spring-web-5.2.4.RELEASE.jar:5.2.4.RELEASE]
	at org.springframework.web.method.support.InvocableHandlerMethod.invokeForRequest(InvocableHandlerMethod.java:138) ~[spring-web-5.2.4.RELEASE.jar:5.2.4.RELEASE]
	at org.springframework.web.servlet.mvc.method.annotation.ServletInvocableHandlerMethod.invokeAndHandle(ServletInvocableHandlerMethod.java:106) ~[spring-webmvc-5.2.4.RELEASE.jar:5.2.4.RELEASE]
	at org.springframework.web.servlet.mvc.method.annotation.RequestMappingHandlerAdapter.invokeHandlerMethod(RequestMappingHandlerAdapter.java:879) ~[spring-webmvc-5.2.4.RELEASE.jar:5.2.4.RELEASE]
	at org.springframework.web.servlet.mvc.method.annotation.RequestMappingHandlerAdapter.handleInternal(RequestMappingHandlerAdapter.java:793) ~[spring-webmvc-5.2.4.RELEASE.jar:5.2.4.RELEASE]
	at org.springframework.web.servlet.mvc.method.AbstractHandlerMethodAdapter.handle(AbstractHandlerMethodAdapter.java:87) ~[spring-webmvc-5.2.4.RELEASE.jar:5.2.4.RELEASE]
	at org.springframework.web.servlet.DispatcherServlet.doDispatch(DispatcherServlet.java:1040) ~[spring-webmvc-5.2.4.RELEASE.jar:5.2.4.RELEASE]
	at org.springframework.web.servlet.DispatcherServlet.doService(DispatcherServlet.java:943) ~[spring-webmvc-5.2.4.RELEASE.jar:5.2.4.RELEASE]
	at org.springframework.web.servlet.FrameworkServlet.processRequest(FrameworkServlet.java:1006) ~[spring-webmvc-5.2.4.RELEASE.jar:5.2.4.RELEASE]
	at org.springframework.web.servlet.FrameworkServlet.doGet(FrameworkServlet.java:898) ~[spring-webmvc-5.2.4.RELEASE.jar:5.2.4.RELEASE]
	at javax.servlet.http.HttpServlet.service(HttpServlet.java:634) ~[tomcat-embed-core-9.0.31.jar:9.0.31]
	at org.springframework.web.servlet.FrameworkServlet.service(FrameworkServlet.java:883) ~[spring-webmvc-5.2.4.RELEASE.jar:5.2.4.RELEASE]
	at javax.servlet.http.HttpServlet.service(HttpServlet.java:741) ~[tomcat-embed-core-9.0.31.jar:9.0.31]
	at org.apache.catalina.core.ApplicationFilterChain.internalDoFilter(ApplicationFilterChain.java:231) ~[tomcat-embed-core-9.0.31.jar:9.0.31]
	at org.apache.catalina.core.ApplicationFilterChain.doFilter(ApplicationFilterChain.java:166) ~[tomcat-embed-core-9.0.31.jar:9.0.31]
	at org.apache.tomcat.websocket.server.WsFilter.doFilter(WsFilter.java:53) ~[tomcat-embed-websocket-9.0.31.jar:9.0.31]
	at org.apache.catalina.core.ApplicationFilterChain.internalDoFilter(ApplicationFilterChain.java:193) ~[tomcat-embed-core-9.0.31.jar:9.0.31]
	at org.apache.catalina.core.ApplicationFilterChain.doFilter(ApplicationFilterChain.java:166) ~[tomcat-embed-core-9.0.31.jar:9.0.31]
	at org.springframework.web.filter.RequestContextFilter.doFilterInternal(RequestContextFilter.java:100) ~[spring-web-5.2.4.RELEASE.jar:5.2.4.RELEASE]
	at org.springframework.web.filter.OncePerRequestFilter.doFilter(OncePerRequestFilter.java:119) ~[spring-web-5.2.4.RELEASE.jar:5.2.4.RELEASE]
	at org.apache.catalina.core.ApplicationFilterChain.internalDoFilter(ApplicationFilterChain.java:193) ~[tomcat-embed-core-9.0.31.jar:9.0.31]
	at org.apache.catalina.core.ApplicationFilterChain.doFilter(ApplicationFilterChain.java:166) ~[tomcat-embed-core-9.0.31.jar:9.0.31]
	at org.springframework.web.filter.FormContentFilter.doFilterInternal(FormContentFilter.java:93) ~[spring-web-5.2.4.RELEASE.jar:5.2.4.RELEASE]
	at org.springframework.web.filter.OncePerRequestFilter.doFilter(OncePerRequestFilter.java:119) ~[spring-web-5.2.4.RELEASE.jar:5.2.4.RELEASE]
	at org.apache.catalina.core.ApplicationFilterChain.internalDoFilter(ApplicationFilterChain.java:193) ~[tomcat-embed-core-9.0.31.jar:9.0.31]
	at org.apache.catalina.core.ApplicationFilterChain.doFilter(ApplicationFilterChain.java:166) ~[tomcat-embed-core-9.0.31.jar:9.0.31]
	at org.springframework.web.filter.CharacterEncodingFilter.doFilterInternal(CharacterEncodingFilter.java:201) ~[spring-web-5.2.4.RELEASE.jar:5.2.4.RELEASE]
	at org.springframework.web.filter.OncePerRequestFilter.doFilter(OncePerRequestFilter.java:119) ~[spring-web-5.2.4.RELEASE.jar:5.2.4.RELEASE]
	at org.apache.catalina.core.ApplicationFilterChain.internalDoFilter(ApplicationFilterChain.java:193) ~[tomcat-embed-core-9.0.31.jar:9.0.31]
	at org.apache.catalina.core.ApplicationFilterChain.doFilter(ApplicationFilterChain.java:166) ~[tomcat-embed-core-9.0.31.jar:9.0.31]
	at org.apache.catalina.core.StandardWrapperValve.invoke(StandardWrapperValve.java:202) ~[tomcat-embed-core-9.0.31.jar:9.0.31]
	at org.apache.catalina.core.StandardContextValve.invoke(StandardContextValve.java:96) ~[tomcat-embed-core-9.0.31.jar:9.0.31]
	at org.apache.catalina.authenticator.AuthenticatorBase.invoke(AuthenticatorBase.java:541) ~[tomcat-embed-core-9.0.31.jar:9.0.31]
	at org.apache.catalina.core.StandardHostValve.invoke(StandardHostValve.java:139) ~[tomcat-embed-core-9.0.31.jar:9.0.31]
	at org.apache.catalina.valves.ErrorReportValve.invoke(ErrorReportValve.java:92) ~[tomcat-embed-core-9.0.31.jar:9.0.31]
	at org.apache.catalina.core.StandardEngineValve.invoke(StandardEngineValve.java:74) ~[tomcat-embed-core-9.0.31.jar:9.0.31]
	at org.apache.catalina.connector.CoyoteAdapter.service(CoyoteAdapter.java:343) ~[tomcat-embed-core-9.0.31.jar:9.0.31]
	at org.apache.coyote.http11.Http11Processor.service(Http11Processor.java:367) ~[tomcat-embed-core-9.0.31.jar:9.0.31]
	at org.apache.coyote.AbstractProcessorLight.process(AbstractProcessorLight.java:65) ~[tomcat-embed-core-9.0.31.jar:9.0.31]
	at org.apache.coyote.AbstractProtocol$ConnectionHandler.process(AbstractProtocol.java:868) ~[tomcat-embed-core-9.0.31.jar:9.0.31]
	at org.apache.tomcat.util.net.NioEndpoint$SocketProcessor.doRun(NioEndpoint.java:1639) ~[tomcat-embed-core-9.0.31.jar:9.0.31]
	at org.apache.tomcat.util.net.SocketProcessorBase.run(SocketProcessorBase.java:49) ~[tomcat-embed-core-9.0.31.jar:9.0.31]
	at java.base/java.util.concurrent.ThreadPoolExecutor.runWorker(ThreadPoolExecutor.java:1144) ~[na:na]
	at java.base/java.util.concurrent.ThreadPoolExecutor$Worker.run(ThreadPoolExecutor.java:642) ~[na:na]
	at org.apache.tomcat.util.threads.TaskThread$WrappingRunnable.run(TaskThread.java:61) ~[tomcat-embed-core-9.0.31.jar:9.0.31]
	at java.base/java.lang.Thread.run(Thread.java:1583) ~[na:na]
Caused by: org.apache.ibatis.exceptions.PersistenceException: 
### Error querying database.  Cause: com.github.pagehelper.PageException: com.mysql.cj.jdbc.exceptions.CommunicationsException: Communications link failure

The last packet sent successfully to the server was 0 milliseconds ago. The driver has not received any packets from the server.
### Cause: com.github.pagehelper.PageException: com.mysql.cj.jdbc.exceptions.CommunicationsException: Communications link failure

The last packet sent successfully to the server was 0 milliseconds ago. The driver has not received any packets from the server.
	at org.apache.ibatis.exceptions.ExceptionFactory.wrapException(ExceptionFactory.java:30) ~[mybatis-3.5.4.jar:3.5.4]
	at org.apache.ibatis.session.defaults.DefaultSqlSession.selectList(DefaultSqlSession.java:149) ~[mybatis-3.5.4.jar:3.5.4]
	at org.apache.ibatis.session.defaults.DefaultSqlSession.selectList(DefaultSqlSession.java:140) ~[mybatis-3.5.4.jar:3.5.4]
	at java.base/jdk.internal.reflect.DirectMethodHandleAccessor.invoke(DirectMethodHandleAccessor.java:103) ~[na:na]
	at java.base/java.lang.reflect.Method.invoke(Method.java:580) ~[na:na]
	at org.mybatis.spring.SqlSessionTemplate$SqlSessionInterceptor.invoke(SqlSessionTemplate.java:426) ~[mybatis-spring-2.0.4.jar:2.0.4]
	... 85 common frames omitted
Caused by: com.github.pagehelper.PageException: com.mysql.cj.jdbc.exceptions.CommunicationsException: Communications link failure

The last packet sent successfully to the server was 0 milliseconds ago. The driver has not received any packets from the server.
	at com.github.pagehelper.page.PageAutoDialect.getUrl(PageAutoDialect.java:180) ~[pagehelper-5.1.10.jar:na]
	at com.github.pagehelper.page.PageAutoDialect.getDialect(PageAutoDialect.java:203) ~[pagehelper-5.1.10.jar:na]
	at com.github.pagehelper.page.PageAutoDialect.initDelegateDialect(PageAutoDialect.java:99) ~[pagehelper-5.1.10.jar:na]
	at com.github.pagehelper.PageHelper.skip(PageHelper.java:66) ~[pagehelper-5.1.10.jar:na]
	at com.github.pagehelper.PageInterceptor.intercept(PageInterceptor.java:93) ~[pagehelper-5.1.10.jar:na]
	at org.apache.ibatis.plugin.Plugin.invoke(Plugin.java:61) ~[mybatis-3.5.4.jar:3.5.4]
	at jdk.proxy2/jdk.proxy2.$Proxy140.query(Unknown Source) ~[na:na]
	at org.apache.ibatis.session.defaults.DefaultSqlSession.selectList(DefaultSqlSession.java:147) ~[mybatis-3.5.4.jar:3.5.4]
	... 89 common frames omitted
Caused by: com.mysql.cj.jdbc.exceptions.CommunicationsException: Communications link failure

The last packet sent successfully to the server was 0 milliseconds ago. The driver has not received any packets from the server.
	at com.mysql.cj.jdbc.exceptions.SQLError.createCommunicationsException(SQLError.java:174) ~[mysql-connector-java-8.0.19.jar:8.0.19]
	at com.mysql.cj.jdbc.exceptions.SQLExceptionsMapping.translateException(SQLExceptionsMapping.java:64) ~[mysql-connector-java-8.0.19.jar:8.0.19]
	at com.mysql.cj.jdbc.ConnectionImpl.createNewIO(ConnectionImpl.java:836) ~[mysql-connector-java-8.0.19.jar:8.0.19]
	at com.mysql.cj.jdbc.ConnectionImpl.<init>(ConnectionImpl.java:456) ~[mysql-connector-java-8.0.19.jar:8.0.19]
	at com.mysql.cj.jdbc.ConnectionImpl.getInstance(ConnectionImpl.java:246) ~[mysql-connector-java-8.0.19.jar:8.0.19]
	at com.mysql.cj.jdbc.NonRegisteringDriver.connect(NonRegisteringDriver.java:197) ~[mysql-connector-java-8.0.19.jar:8.0.19]
	at com.zaxxer.hikari.util.DriverDataSource.getConnection(DriverDataSource.java:138) ~[HikariCP-3.4.2.jar:na]
	at com.zaxxer.hikari.pool.PoolBase.newConnection(PoolBase.java:354) ~[HikariCP-3.4.2.jar:na]
	at com.zaxxer.hikari.pool.PoolBase.newPoolEntry(PoolBase.java:202) ~[HikariCP-3.4.2.jar:na]
	at com.zaxxer.hikari.pool.HikariPool.createPoolEntry(HikariPool.java:473) ~[HikariCP-3.4.2.jar:na]
	at com.zaxxer.hikari.pool.HikariPool.checkFailFast(HikariPool.java:554) ~[HikariCP-3.4.2.jar:na]
	at com.zaxxer.hikari.pool.HikariPool.<init>(HikariPool.java:115) ~[HikariCP-3.4.2.jar:na]
	at com.zaxxer.hikari.HikariDataSource.getConnection(HikariDataSource.java:112) ~[HikariCP-3.4.2.jar:na]
	at com.github.pagehelper.page.PageAutoDialect.getUrl(PageAutoDialect.java:177) ~[pagehelper-5.1.10.jar:na]
	... 96 common frames omitted
Caused by: com.mysql.cj.exceptions.CJCommunicationsException: Communications link failure

The last packet sent successfully to the server was 0 milliseconds ago. The driver has not received any packets from the server.
	at java.base/jdk.internal.reflect.DirectConstructorHandleAccessor.newInstance(DirectConstructorHandleAccessor.java:62) ~[na:na]
	at java.base/java.lang.reflect.Constructor.newInstanceWithCaller(Constructor.java:502) ~[na:na]
	at java.base/java.lang.reflect.Constructor.newInstance(Constructor.java:486) ~[na:na]
	at com.mysql.cj.exceptions.ExceptionFactory.createException(ExceptionFactory.java:61) ~[mysql-connector-java-8.0.19.jar:8.0.19]
	at com.mysql.cj.exceptions.ExceptionFactory.createException(ExceptionFactory.java:105) ~[mysql-connector-java-8.0.19.jar:8.0.19]
	at com.mysql.cj.exceptions.ExceptionFactory.createException(ExceptionFactory.java:151) ~[mysql-connector-java-8.0.19.jar:8.0.19]
	at com.mysql.cj.exceptions.ExceptionFactory.createCommunicationsException(ExceptionFactory.java:167) ~[mysql-connector-java-8.0.19.jar:8.0.19]
	at com.mysql.cj.protocol.a.NativeProtocol.readMessage(NativeProtocol.java:539) ~[mysql-connector-java-8.0.19.jar:8.0.19]
	at com.mysql.cj.protocol.a.NativeProtocol.readServerCapabilities(NativeProtocol.java:491) ~[mysql-connector-java-8.0.19.jar:8.0.19]
	at com.mysql.cj.protocol.a.NativeProtocol.beforeHandshake(NativeProtocol.java:381) ~[mysql-connector-java-8.0.19.jar:8.0.19]
	at com.mysql.cj.protocol.a.NativeProtocol.connect(NativeProtocol.java:1338) ~[mysql-connector-java-8.0.19.jar:8.0.19]
	at com.mysql.cj.NativeSession.connect(NativeSession.java:157) ~[mysql-connector-java-8.0.19.jar:8.0.19]
	at com.mysql.cj.jdbc.ConnectionImpl.connectOneTryOnly(ConnectionImpl.java:956) ~[mysql-connector-java-8.0.19.jar:8.0.19]
	at com.mysql.cj.jdbc.ConnectionImpl.createNewIO(ConnectionImpl.java:826) ~[mysql-connector-java-8.0.19.jar:8.0.19]
	... 107 common frames omitted
Caused by: java.net.SocketException: Connection reset
	at java.base/sun.nio.ch.NioSocketImpl.implRead(NioSocketImpl.java:318) ~[na:na]
	at java.base/sun.nio.ch.NioSocketImpl.read(NioSocketImpl.java:346) ~[na:na]
	at java.base/sun.nio.ch.NioSocketImpl$1.read(NioSocketImpl.java:796) ~[na:na]
	at java.base/java.net.Socket$SocketInputStream.read(Socket.java:1099) ~[na:na]
	at com.mysql.cj.protocol.ReadAheadInputStream.fill(ReadAheadInputStream.java:107) ~[mysql-connector-java-8.0.19.jar:8.0.19]
	at com.mysql.cj.protocol.ReadAheadInputStream.readFromUnderlyingStreamIfNecessary(ReadAheadInputStream.java:150) ~[mysql-connector-java-8.0.19.jar:8.0.19]
	at com.mysql.cj.protocol.ReadAheadInputStream.read(ReadAheadInputStream.java:180) ~[mysql-connector-java-8.0.19.jar:8.0.19]
	at java.base/java.io.FilterInputStream.read(FilterInputStream.java:119) ~[na:na]
	at com.mysql.cj.protocol.FullReadInputStream.readFully(FullReadInputStream.java:64) ~[mysql-connector-java-8.0.19.jar:8.0.19]
	at com.mysql.cj.protocol.a.SimplePacketReader.readHeader(SimplePacketReader.java:63) ~[mysql-connector-java-8.0.19.jar:8.0.19]
	at com.mysql.cj.protocol.a.SimplePacketReader.readHeader(SimplePacketReader.java:45) ~[mysql-connector-java-8.0.19.jar:8.0.19]
	at com.mysql.cj.protocol.a.NativeProtocol.readMessage(NativeProtocol.java:533) ~[mysql-connector-java-8.0.19.jar:8.0.19]
	... 113 common frames omitted

2025-09-27 10:52:13.812  WARN 16944 --- [http-nio-80-exec-1] .m.m.a.ExceptionHandlerExceptionResolver : Resolved [org.mybatis.spring.MyBatisSystemException: nested exception is org.apache.ibatis.exceptions.PersistenceException: 
### Error querying database.  Cause: com.github.pagehelper.PageException: com.mysql.cj.jdbc.exceptions.CommunicationsException: Communications link failure

The last packet sent successfully to the server was 0 milliseconds ago. The driver has not received any packets from the server.
### Cause: com.github.pagehelper.PageException: com.mysql.cj.jdbc.exceptions.CommunicationsException: Communications link failure

The last packet sent successfully to the server was 0 milliseconds ago. The driver has not received any packets from the server.]
2025-09-27 10:52:14.124  INFO 16944 --- [http-nio-80-exec-9] com.star.aspect.LogAspect                : Request : {url='http://localhost/footer/newblog', ip='0:0:0:0:0:0:0:1', classMethod='com.star.controller.FooterController.getNewBlogs', args=[]}
2025-09-27 10:52:14.133  INFO 16944 --- [http-nio-80-exec-9] com.zaxxer.hikari.HikariDataSource       : HikariPool-1 - Starting...
2025-09-27 10:52:15.148 ERROR 16944 --- [http-nio-80-exec-9] com.zaxxer.hikari.pool.HikariPool        : HikariPool-1 - Exception during pool initialization.

com.mysql.cj.jdbc.exceptions.CommunicationsException: Communications link failure

The last packet sent successfully to the server was 0 milliseconds ago. The driver has not received any packets from the server.
	at com.mysql.cj.jdbc.exceptions.SQLError.createCommunicationsException(SQLError.java:174) ~[mysql-connector-java-8.0.19.jar:8.0.19]
	at com.mysql.cj.jdbc.exceptions.SQLExceptionsMapping.translateException(SQLExceptionsMapping.java:64) ~[mysql-connector-java-8.0.19.jar:8.0.19]
	at com.mysql.cj.jdbc.ConnectionImpl.createNewIO(ConnectionImpl.java:836) ~[mysql-connector-java-8.0.19.jar:8.0.19]
	at com.mysql.cj.jdbc.ConnectionImpl.<init>(ConnectionImpl.java:456) ~[mysql-connector-java-8.0.19.jar:8.0.19]
	at com.mysql.cj.jdbc.ConnectionImpl.getInstance(ConnectionImpl.java:246) ~[mysql-connector-java-8.0.19.jar:8.0.19]
	at com.mysql.cj.jdbc.NonRegisteringDriver.connect(NonRegisteringDriver.java:197) ~[mysql-connector-java-8.0.19.jar:8.0.19]
	at com.zaxxer.hikari.util.DriverDataSource.getConnection(DriverDataSource.java:138) ~[HikariCP-3.4.2.jar:na]
	at com.zaxxer.hikari.pool.PoolBase.newConnection(PoolBase.java:354) ~[HikariCP-3.4.2.jar:na]
	at com.zaxxer.hikari.pool.PoolBase.newPoolEntry(PoolBase.java:202) ~[HikariCP-3.4.2.jar:na]
	at com.zaxxer.hikari.pool.HikariPool.createPoolEntry(HikariPool.java:473) ~[HikariCP-3.4.2.jar:na]
	at com.zaxxer.hikari.pool.HikariPool.checkFailFast(HikariPool.java:554) ~[HikariCP-3.4.2.jar:na]
	at com.zaxxer.hikari.pool.HikariPool.<init>(HikariPool.java:115) ~[HikariCP-3.4.2.jar:na]
	at com.zaxxer.hikari.HikariDataSource.getConnection(HikariDataSource.java:112) ~[HikariCP-3.4.2.jar:na]
	at org.springframework.jdbc.datasource.DataSourceUtils.fetchConnection(DataSourceUtils.java:158) ~[spring-jdbc-5.2.4.RELEASE.jar:5.2.4.RELEASE]
	at org.springframework.jdbc.datasource.DataSourceUtils.doGetConnection(DataSourceUtils.java:116) ~[spring-jdbc-5.2.4.RELEASE.jar:5.2.4.RELEASE]
	at org.springframework.jdbc.datasource.DataSourceUtils.getConnection(DataSourceUtils.java:79) ~[spring-jdbc-5.2.4.RELEASE.jar:5.2.4.RELEASE]
	at org.mybatis.spring.transaction.SpringManagedTransaction.openConnection(SpringManagedTransaction.java:80) ~[mybatis-spring-2.0.4.jar:2.0.4]
	at org.mybatis.spring.transaction.SpringManagedTransaction.getConnection(SpringManagedTransaction.java:67) ~[mybatis-spring-2.0.4.jar:2.0.4]
	at org.apache.ibatis.executor.BaseExecutor.getConnection(BaseExecutor.java:336) ~[mybatis-3.5.4.jar:3.5.4]
	at org.apache.ibatis.executor.SimpleExecutor.prepareStatement(SimpleExecutor.java:86) ~[mybatis-3.5.4.jar:3.5.4]
	at org.apache.ibatis.executor.SimpleExecutor.doQuery(SimpleExecutor.java:62) ~[mybatis-3.5.4.jar:3.5.4]
	at org.apache.ibatis.executor.BaseExecutor.queryFromDatabase(BaseExecutor.java:324) ~[mybatis-3.5.4.jar:3.5.4]
	at org.apache.ibatis.executor.BaseExecutor.query(BaseExecutor.java:156) ~[mybatis-3.5.4.jar:3.5.4]
	at org.apache.ibatis.executor.CachingExecutor.query(CachingExecutor.java:109) ~[mybatis-3.5.4.jar:3.5.4]
	at com.github.pagehelper.PageInterceptor.intercept(PageInterceptor.java:108) ~[pagehelper-5.1.10.jar:na]
	at org.apache.ibatis.plugin.Plugin.invoke(Plugin.java:61) ~[mybatis-3.5.4.jar:3.5.4]
	at jdk.proxy2/jdk.proxy2.$Proxy140.query(Unknown Source) ~[na:na]
	at org.apache.ibatis.session.defaults.DefaultSqlSession.selectList(DefaultSqlSession.java:147) ~[mybatis-3.5.4.jar:3.5.4]
	at org.apache.ibatis.session.defaults.DefaultSqlSession.selectList(DefaultSqlSession.java:140) ~[mybatis-3.5.4.jar:3.5.4]
	at java.base/jdk.internal.reflect.DirectMethodHandleAccessor.invoke(DirectMethodHandleAccessor.java:103) ~[na:na]
	at java.base/java.lang.reflect.Method.invoke(Method.java:580) ~[na:na]
	at org.mybatis.spring.SqlSessionTemplate$SqlSessionInterceptor.invoke(SqlSessionTemplate.java:426) ~[mybatis-spring-2.0.4.jar:2.0.4]
	at jdk.proxy2/jdk.proxy2.$Proxy91.selectList(Unknown Source) ~[na:na]
	at org.mybatis.spring.SqlSessionTemplate.selectList(SqlSessionTemplate.java:223) ~[mybatis-spring-2.0.4.jar:2.0.4]
	at org.apache.ibatis.binding.MapperMethod.executeForMany(MapperMethod.java:147) ~[mybatis-3.5.4.jar:3.5.4]
	at org.apache.ibatis.binding.MapperMethod.execute(MapperMethod.java:80) ~[mybatis-3.5.4.jar:3.5.4]
	at org.apache.ibatis.binding.MapperProxy$PlainMethodInvoker.invoke(MapperProxy.java:144) ~[mybatis-3.5.4.jar:3.5.4]
	at org.apache.ibatis.binding.MapperProxy.invoke(MapperProxy.java:85) ~[mybatis-3.5.4.jar:3.5.4]
	at jdk.proxy3/jdk.proxy3.$Proxy99.getFirstPageBlog(Unknown Source) ~[na:na]
	at java.base/jdk.internal.reflect.DirectMethodHandleAccessor.invoke(DirectMethodHandleAccessor.java:103) ~[na:na]
	at java.base/java.lang.reflect.Method.invoke(Method.java:580) ~[na:na]
	at org.springframework.aop.support.AopUtils.invokeJoinpointUsingReflection(AopUtils.java:344) ~[spring-aop-5.2.4.RELEASE.jar:5.2.4.RELEASE]
	at org.springframework.aop.framework.ReflectiveMethodInvocation.invokeJoinpoint(ReflectiveMethodInvocation.java:198) ~[spring-aop-5.2.4.RELEASE.jar:5.2.4.RELEASE]
	at org.springframework.aop.framework.ReflectiveMethodInvocation.proceed(ReflectiveMethodInvocation.java:163) ~[spring-aop-5.2.4.RELEASE.jar:5.2.4.RELEASE]
	at org.springframework.dao.support.PersistenceExceptionTranslationInterceptor.invoke(PersistenceExceptionTranslationInterceptor.java:139) ~[spring-tx-5.2.4.RELEASE.jar:5.2.4.RELEASE]
	at org.springframework.aop.framework.ReflectiveMethodInvocation.proceed(ReflectiveMethodInvocation.java:186) ~[spring-aop-5.2.4.RELEASE.jar:5.2.4.RELEASE]
	at org.springframework.aop.framework.JdkDynamicAopProxy.invoke(JdkDynamicAopProxy.java:212) ~[spring-aop-5.2.4.RELEASE.jar:5.2.4.RELEASE]
	at jdk.proxy3/jdk.proxy3.$Proxy100.getFirstPageBlog(Unknown Source) ~[na:na]
	at com.star.service.Impl.BlogServiceImpl.getAllFirstPageBlog(BlogServiceImpl.java:77) ~[classes/:na]
	at com.star.controller.FooterController.getNewBlogs(FooterController.java:40) ~[classes/:na]
	at com.star.controller.FooterController$$FastClassBySpringCGLIB$$e55ca4fa.invoke(<generated>) ~[classes/:na]
	at org.springframework.cglib.proxy.MethodProxy.invoke(MethodProxy.java:218) ~[spring-core-5.2.4.RELEASE.jar:5.2.4.RELEASE]
	at org.springframework.aop.framework.CglibAopProxy$CglibMethodInvocation.invokeJoinpoint(CglibAopProxy.java:769) ~[spring-aop-5.2.4.RELEASE.jar:5.2.4.RELEASE]
	at org.springframework.aop.framework.ReflectiveMethodInvocation.proceed(ReflectiveMethodInvocation.java:163) ~[spring-aop-5.2.4.RELEASE.jar:5.2.4.RELEASE]
	at org.springframework.aop.framework.CglibAopProxy$CglibMethodInvocation.proceed(CglibAopProxy.java:747) ~[spring-aop-5.2.4.RELEASE.jar:5.2.4.RELEASE]
	at org.springframework.aop.framework.adapter.MethodBeforeAdviceInterceptor.invoke(MethodBeforeAdviceInterceptor.java:56) ~[spring-aop-5.2.4.RELEASE.jar:5.2.4.RELEASE]
	at org.springframework.aop.framework.ReflectiveMethodInvocation.proceed(ReflectiveMethodInvocation.java:186) ~[spring-aop-5.2.4.RELEASE.jar:5.2.4.RELEASE]
	at org.springframework.aop.framework.CglibAopProxy$CglibMethodInvocation.proceed(CglibAopProxy.java:747) ~[spring-aop-5.2.4.RELEASE.jar:5.2.4.RELEASE]
	at org.springframework.aop.aspectj.AspectJAfterAdvice.invoke(AspectJAfterAdvice.java:47) ~[spring-aop-5.2.4.RELEASE.jar:5.2.4.RELEASE]
	at org.springframework.aop.framework.ReflectiveMethodInvocation.proceed(ReflectiveMethodInvocation.java:186) ~[spring-aop-5.2.4.RELEASE.jar:5.2.4.RELEASE]
	at org.springframework.aop.framework.CglibAopProxy$CglibMethodInvocation.proceed(CglibAopProxy.java:747) ~[spring-aop-5.2.4.RELEASE.jar:5.2.4.RELEASE]
	at org.springframework.aop.framework.adapter.AfterReturningAdviceInterceptor.invoke(AfterReturningAdviceInterceptor.java:55) ~[spring-aop-5.2.4.RELEASE.jar:5.2.4.RELEASE]
	at org.springframework.aop.framework.ReflectiveMethodInvocation.proceed(ReflectiveMethodInvocation.java:186) ~[spring-aop-5.2.4.RELEASE.jar:5.2.4.RELEASE]
	at org.springframework.aop.framework.CglibAopProxy$CglibMethodInvocation.proceed(CglibAopProxy.java:747) ~[spring-aop-5.2.4.RELEASE.jar:5.2.4.RELEASE]
	at org.springframework.aop.interceptor.ExposeInvocationInterceptor.invoke(ExposeInvocationInterceptor.java:95) ~[spring-aop-5.2.4.RELEASE.jar:5.2.4.RELEASE]
	at org.springframework.aop.framework.ReflectiveMethodInvocation.proceed(ReflectiveMethodInvocation.java:186) ~[spring-aop-5.2.4.RELEASE.jar:5.2.4.RELEASE]
	at org.springframework.aop.framework.CglibAopProxy$CglibMethodInvocation.proceed(CglibAopProxy.java:747) ~[spring-aop-5.2.4.RELEASE.jar:5.2.4.RELEASE]
	at org.springframework.aop.framework.CglibAopProxy$DynamicAdvisedInterceptor.intercept(CglibAopProxy.java:689) ~[spring-aop-5.2.4.RELEASE.jar:5.2.4.RELEASE]
	at com.star.controller.FooterController$$EnhancerBySpringCGLIB$$24679106.getNewBlogs(<generated>) ~[classes/:na]
	at java.base/jdk.internal.reflect.DirectMethodHandleAccessor.invoke(DirectMethodHandleAccessor.java:103) ~[na:na]
	at java.base/java.lang.reflect.Method.invoke(Method.java:580) ~[na:na]
	at org.springframework.web.method.support.InvocableHandlerMethod.doInvoke(InvocableHandlerMethod.java:190) ~[spring-web-5.2.4.RELEASE.jar:5.2.4.RELEASE]
	at org.springframework.web.method.support.InvocableHandlerMethod.invokeForRequest(InvocableHandlerMethod.java:138) ~[spring-web-5.2.4.RELEASE.jar:5.2.4.RELEASE]
	at org.springframework.web.servlet.mvc.method.annotation.ServletInvocableHandlerMethod.invokeAndHandle(ServletInvocableHandlerMethod.java:106) ~[spring-webmvc-5.2.4.RELEASE.jar:5.2.4.RELEASE]
	at org.springframework.web.servlet.mvc.method.annotation.RequestMappingHandlerAdapter.invokeHandlerMethod(RequestMappingHandlerAdapter.java:879) ~[spring-webmvc-5.2.4.RELEASE.jar:5.2.4.RELEASE]
	at org.springframework.web.servlet.mvc.method.annotation.RequestMappingHandlerAdapter.handleInternal(RequestMappingHandlerAdapter.java:793) ~[spring-webmvc-5.2.4.RELEASE.jar:5.2.4.RELEASE]
	at org.springframework.web.servlet.mvc.method.AbstractHandlerMethodAdapter.handle(AbstractHandlerMethodAdapter.java:87) ~[spring-webmvc-5.2.4.RELEASE.jar:5.2.4.RELEASE]
	at org.springframework.web.servlet.DispatcherServlet.doDispatch(DispatcherServlet.java:1040) ~[spring-webmvc-5.2.4.RELEASE.jar:5.2.4.RELEASE]
	at org.springframework.web.servlet.DispatcherServlet.doService(DispatcherServlet.java:943) ~[spring-webmvc-5.2.4.RELEASE.jar:5.2.4.RELEASE]
	at org.springframework.web.servlet.FrameworkServlet.processRequest(FrameworkServlet.java:1006) ~[spring-webmvc-5.2.4.RELEASE.jar:5.2.4.RELEASE]
	at org.springframework.web.servlet.FrameworkServlet.doGet(FrameworkServlet.java:898) ~[spring-webmvc-5.2.4.RELEASE.jar:5.2.4.RELEASE]
	at javax.servlet.http.HttpServlet.service(HttpServlet.java:634) ~[tomcat-embed-core-9.0.31.jar:9.0.31]
	at org.springframework.web.servlet.FrameworkServlet.service(FrameworkServlet.java:883) ~[spring-webmvc-5.2.4.RELEASE.jar:5.2.4.RELEASE]
	at javax.servlet.http.HttpServlet.service(HttpServlet.java:741) ~[tomcat-embed-core-9.0.31.jar:9.0.31]
	at org.apache.catalina.core.ApplicationFilterChain.internalDoFilter(ApplicationFilterChain.java:231) ~[tomcat-embed-core-9.0.31.jar:9.0.31]
	at org.apache.catalina.core.ApplicationFilterChain.doFilter(ApplicationFilterChain.java:166) ~[tomcat-embed-core-9.0.31.jar:9.0.31]
	at org.apache.tomcat.websocket.server.WsFilter.doFilter(WsFilter.java:53) ~[tomcat-embed-websocket-9.0.31.jar:9.0.31]
	at org.apache.catalina.core.ApplicationFilterChain.internalDoFilter(ApplicationFilterChain.java:193) ~[tomcat-embed-core-9.0.31.jar:9.0.31]
	at org.apache.catalina.core.ApplicationFilterChain.doFilter(ApplicationFilterChain.java:166) ~[tomcat-embed-core-9.0.31.jar:9.0.31]
	at org.springframework.web.filter.RequestContextFilter.doFilterInternal(RequestContextFilter.java:100) ~[spring-web-5.2.4.RELEASE.jar:5.2.4.RELEASE]
	at org.springframework.web.filter.OncePerRequestFilter.doFilter(OncePerRequestFilter.java:119) ~[spring-web-5.2.4.RELEASE.jar:5.2.4.RELEASE]
	at org.apache.catalina.core.ApplicationFilterChain.internalDoFilter(ApplicationFilterChain.java:193) ~[tomcat-embed-core-9.0.31.jar:9.0.31]
	at org.apache.catalina.core.ApplicationFilterChain.doFilter(ApplicationFilterChain.java:166) ~[tomcat-embed-core-9.0.31.jar:9.0.31]
	at org.springframework.web.filter.FormContentFilter.doFilterInternal(FormContentFilter.java:93) ~[spring-web-5.2.4.RELEASE.jar:5.2.4.RELEASE]
	at org.springframework.web.filter.OncePerRequestFilter.doFilter(OncePerRequestFilter.java:119) ~[spring-web-5.2.4.RELEASE.jar:5.2.4.RELEASE]
	at org.apache.catalina.core.ApplicationFilterChain.internalDoFilter(ApplicationFilterChain.java:193) ~[tomcat-embed-core-9.0.31.jar:9.0.31]
	at org.apache.catalina.core.ApplicationFilterChain.doFilter(ApplicationFilterChain.java:166) ~[tomcat-embed-core-9.0.31.jar:9.0.31]
	at org.springframework.web.filter.CharacterEncodingFilter.doFilterInternal(CharacterEncodingFilter.java:201) ~[spring-web-5.2.4.RELEASE.jar:5.2.4.RELEASE]
	at org.springframework.web.filter.OncePerRequestFilter.doFilter(OncePerRequestFilter.java:119) ~[spring-web-5.2.4.RELEASE.jar:5.2.4.RELEASE]
	at org.apache.catalina.core.ApplicationFilterChain.internalDoFilter(ApplicationFilterChain.java:193) ~[tomcat-embed-core-9.0.31.jar:9.0.31]
	at org.apache.catalina.core.ApplicationFilterChain.doFilter(ApplicationFilterChain.java:166) ~[tomcat-embed-core-9.0.31.jar:9.0.31]
	at org.apache.catalina.core.StandardWrapperValve.invoke(StandardWrapperValve.java:202) ~[tomcat-embed-core-9.0.31.jar:9.0.31]
	at org.apache.catalina.core.StandardContextValve.invoke(StandardContextValve.java:96) ~[tomcat-embed-core-9.0.31.jar:9.0.31]
	at org.apache.catalina.authenticator.AuthenticatorBase.invoke(AuthenticatorBase.java:541) ~[tomcat-embed-core-9.0.31.jar:9.0.31]
	at org.apache.catalina.core.StandardHostValve.invoke(StandardHostValve.java:139) ~[tomcat-embed-core-9.0.31.jar:9.0.31]
	at org.apache.catalina.valves.ErrorReportValve.invoke(ErrorReportValve.java:92) ~[tomcat-embed-core-9.0.31.jar:9.0.31]
	at org.apache.catalina.core.StandardEngineValve.invoke(StandardEngineValve.java:74) ~[tomcat-embed-core-9.0.31.jar:9.0.31]
	at org.apache.catalina.connector.CoyoteAdapter.service(CoyoteAdapter.java:343) ~[tomcat-embed-core-9.0.31.jar:9.0.31]
	at org.apache.coyote.http11.Http11Processor.service(Http11Processor.java:367) ~[tomcat-embed-core-9.0.31.jar:9.0.31]
	at org.apache.coyote.AbstractProcessorLight.process(AbstractProcessorLight.java:65) ~[tomcat-embed-core-9.0.31.jar:9.0.31]
	at org.apache.coyote.AbstractProtocol$ConnectionHandler.process(AbstractProtocol.java:868) ~[tomcat-embed-core-9.0.31.jar:9.0.31]
	at org.apache.tomcat.util.net.NioEndpoint$SocketProcessor.doRun(NioEndpoint.java:1639) ~[tomcat-embed-core-9.0.31.jar:9.0.31]
	at org.apache.tomcat.util.net.SocketProcessorBase.run(SocketProcessorBase.java:49) ~[tomcat-embed-core-9.0.31.jar:9.0.31]
	at java.base/java.util.concurrent.ThreadPoolExecutor.runWorker(ThreadPoolExecutor.java:1144) ~[na:na]
	at java.base/java.util.concurrent.ThreadPoolExecutor$Worker.run(ThreadPoolExecutor.java:642) ~[na:na]
	at org.apache.tomcat.util.threads.TaskThread$WrappingRunnable.run(TaskThread.java:61) ~[tomcat-embed-core-9.0.31.jar:9.0.31]
	at java.base/java.lang.Thread.run(Thread.java:1583) ~[na:na]
Caused by: com.mysql.cj.exceptions.CJCommunicationsException: Communications link failure

The last packet sent successfully to the server was 0 milliseconds ago. The driver has not received any packets from the server.
	at java.base/jdk.internal.reflect.DirectConstructorHandleAccessor.newInstance(DirectConstructorHandleAccessor.java:62) ~[na:na]
	at java.base/java.lang.reflect.Constructor.newInstanceWithCaller(Constructor.java:502) ~[na:na]
	at java.base/java.lang.reflect.Constructor.newInstance(Constructor.java:486) ~[na:na]
	at com.mysql.cj.exceptions.ExceptionFactory.createException(ExceptionFactory.java:61) ~[mysql-connector-java-8.0.19.jar:8.0.19]
	at com.mysql.cj.exceptions.ExceptionFactory.createException(ExceptionFactory.java:105) ~[mysql-connector-java-8.0.19.jar:8.0.19]
	at com.mysql.cj.exceptions.ExceptionFactory.createException(ExceptionFactory.java:151) ~[mysql-connector-java-8.0.19.jar:8.0.19]
	at com.mysql.cj.exceptions.ExceptionFactory.createCommunicationsException(ExceptionFactory.java:167) ~[mysql-connector-java-8.0.19.jar:8.0.19]
	at com.mysql.cj.protocol.a.NativeSocketConnection.connect(NativeSocketConnection.java:91) ~[mysql-connector-java-8.0.19.jar:8.0.19]
	at com.mysql.cj.NativeSession.connect(NativeSession.java:144) ~[mysql-connector-java-8.0.19.jar:8.0.19]
	at com.mysql.cj.jdbc.ConnectionImpl.connectOneTryOnly(ConnectionImpl.java:956) ~[mysql-connector-java-8.0.19.jar:8.0.19]
	at com.mysql.cj.jdbc.ConnectionImpl.createNewIO(ConnectionImpl.java:826) ~[mysql-connector-java-8.0.19.jar:8.0.19]
	... 114 common frames omitted
Caused by: java.net.ConnectException: Connection refused: getsockopt
	at java.base/sun.nio.ch.Net.pollConnect(Native Method) ~[na:na]
	at java.base/sun.nio.ch.Net.pollConnectNow(Net.java:682) ~[na:na]
	at java.base/sun.nio.ch.NioSocketImpl.timedFinishConnect(NioSocketImpl.java:542) ~[na:na]
	at java.base/sun.nio.ch.NioSocketImpl.connect(NioSocketImpl.java:592) ~[na:na]
	at java.base/java.net.SocksSocketImpl.connect(SocksSocketImpl.java:327) ~[na:na]
	at java.base/java.net.Socket.connect(Socket.java:751) ~[na:na]
	at com.mysql.cj.protocol.StandardSocketFactory.connect(StandardSocketFactory.java:155) ~[mysql-connector-java-8.0.19.jar:8.0.19]
	at com.mysql.cj.protocol.a.NativeSocketConnection.connect(NativeSocketConnection.java:65) ~[mysql-connector-java-8.0.19.jar:8.0.19]
	... 117 common frames omitted

2025-09-27 10:52:15.150 ERROR 16944 --- [http-nio-80-exec-9] com.star.controller.FooterController     : 获取最新博客失败: nested exception is org.apache.ibatis.exceptions.PersistenceException: 
### Error querying database.  Cause: org.springframework.jdbc.CannotGetJdbcConnectionException: Failed to obtain JDBC Connection; nested exception is com.mysql.cj.jdbc.exceptions.CommunicationsException: Communications link failure

The last packet sent successfully to the server was 0 milliseconds ago. The driver has not received any packets from the server.
### The error may exist in file [D:\Wj_WUWorkProject\星光博客myblog\target\classes\mapper\BlogDao.xml]
### The error may involve com.star.dao.BlogDao.getFirstPageBlog
### The error occurred while executing a query
### Cause: org.springframework.jdbc.CannotGetJdbcConnectionException: Failed to obtain JDBC Connection; nested exception is com.mysql.cj.jdbc.exceptions.CommunicationsException: Communications link failure

The last packet sent successfully to the server was 0 milliseconds ago. The driver has not received any packets from the server.

org.mybatis.spring.MyBatisSystemException: nested exception is org.apache.ibatis.exceptions.PersistenceException: 
### Error querying database.  Cause: org.springframework.jdbc.CannotGetJdbcConnectionException: Failed to obtain JDBC Connection; nested exception is com.mysql.cj.jdbc.exceptions.CommunicationsException: Communications link failure

The last packet sent successfully to the server was 0 milliseconds ago. The driver has not received any packets from the server.
### The error may exist in file [D:\Wj_WUWorkProject\星光博客myblog\target\classes\mapper\BlogDao.xml]
### The error may involve com.star.dao.BlogDao.getFirstPageBlog
### The error occurred while executing a query
### Cause: org.springframework.jdbc.CannotGetJdbcConnectionException: Failed to obtain JDBC Connection; nested exception is com.mysql.cj.jdbc.exceptions.CommunicationsException: Communications link failure

The last packet sent successfully to the server was 0 milliseconds ago. The driver has not received any packets from the server.
	at org.mybatis.spring.MyBatisExceptionTranslator.translateExceptionIfPossible(MyBatisExceptionTranslator.java:92) ~[mybatis-spring-2.0.4.jar:2.0.4]
	at org.mybatis.spring.SqlSessionTemplate$SqlSessionInterceptor.invoke(SqlSessionTemplate.java:440) ~[mybatis-spring-2.0.4.jar:2.0.4]
	at jdk.proxy2/jdk.proxy2.$Proxy91.selectList(Unknown Source) ~[na:na]
	at org.mybatis.spring.SqlSessionTemplate.selectList(SqlSessionTemplate.java:223) ~[mybatis-spring-2.0.4.jar:2.0.4]
	at org.apache.ibatis.binding.MapperMethod.executeForMany(MapperMethod.java:147) ~[mybatis-3.5.4.jar:3.5.4]
	at org.apache.ibatis.binding.MapperMethod.execute(MapperMethod.java:80) ~[mybatis-3.5.4.jar:3.5.4]
	at org.apache.ibatis.binding.MapperProxy$PlainMethodInvoker.invoke(MapperProxy.java:144) ~[mybatis-3.5.4.jar:3.5.4]
	at org.apache.ibatis.binding.MapperProxy.invoke(MapperProxy.java:85) ~[mybatis-3.5.4.jar:3.5.4]
	at jdk.proxy3/jdk.proxy3.$Proxy99.getFirstPageBlog(Unknown Source) ~[na:na]
	at java.base/jdk.internal.reflect.DirectMethodHandleAccessor.invoke(DirectMethodHandleAccessor.java:103) ~[na:na]
	at java.base/java.lang.reflect.Method.invoke(Method.java:580) ~[na:na]
	at org.springframework.aop.support.AopUtils.invokeJoinpointUsingReflection(AopUtils.java:344) ~[spring-aop-5.2.4.RELEASE.jar:5.2.4.RELEASE]
	at org.springframework.aop.framework.ReflectiveMethodInvocation.invokeJoinpoint(ReflectiveMethodInvocation.java:198) ~[spring-aop-5.2.4.RELEASE.jar:5.2.4.RELEASE]
	at org.springframework.aop.framework.ReflectiveMethodInvocation.proceed(ReflectiveMethodInvocation.java:163) ~[spring-aop-5.2.4.RELEASE.jar:5.2.4.RELEASE]
	at org.springframework.dao.support.PersistenceExceptionTranslationInterceptor.invoke(PersistenceExceptionTranslationInterceptor.java:139) ~[spring-tx-5.2.4.RELEASE.jar:5.2.4.RELEASE]
	at org.springframework.aop.framework.ReflectiveMethodInvocation.proceed(ReflectiveMethodInvocation.java:186) ~[spring-aop-5.2.4.RELEASE.jar:5.2.4.RELEASE]
	at org.springframework.aop.framework.JdkDynamicAopProxy.invoke(JdkDynamicAopProxy.java:212) ~[spring-aop-5.2.4.RELEASE.jar:5.2.4.RELEASE]
	at jdk.proxy3/jdk.proxy3.$Proxy100.getFirstPageBlog(Unknown Source) ~[na:na]
	at com.star.service.Impl.BlogServiceImpl.getAllFirstPageBlog(BlogServiceImpl.java:77) ~[classes/:na]
	at com.star.controller.FooterController.getNewBlogs(FooterController.java:40) ~[classes/:na]
	at com.star.controller.FooterController$$FastClassBySpringCGLIB$$e55ca4fa.invoke(<generated>) ~[classes/:na]
	at org.springframework.cglib.proxy.MethodProxy.invoke(MethodProxy.java:218) ~[spring-core-5.2.4.RELEASE.jar:5.2.4.RELEASE]
	at org.springframework.aop.framework.CglibAopProxy$CglibMethodInvocation.invokeJoinpoint(CglibAopProxy.java:769) ~[spring-aop-5.2.4.RELEASE.jar:5.2.4.RELEASE]
	at org.springframework.aop.framework.ReflectiveMethodInvocation.proceed(ReflectiveMethodInvocation.java:163) ~[spring-aop-5.2.4.RELEASE.jar:5.2.4.RELEASE]
	at org.springframework.aop.framework.CglibAopProxy$CglibMethodInvocation.proceed(CglibAopProxy.java:747) ~[spring-aop-5.2.4.RELEASE.jar:5.2.4.RELEASE]
	at org.springframework.aop.framework.adapter.MethodBeforeAdviceInterceptor.invoke(MethodBeforeAdviceInterceptor.java:56) ~[spring-aop-5.2.4.RELEASE.jar:5.2.4.RELEASE]
	at org.springframework.aop.framework.ReflectiveMethodInvocation.proceed(ReflectiveMethodInvocation.java:186) ~[spring-aop-5.2.4.RELEASE.jar:5.2.4.RELEASE]
	at org.springframework.aop.framework.CglibAopProxy$CglibMethodInvocation.proceed(CglibAopProxy.java:747) ~[spring-aop-5.2.4.RELEASE.jar:5.2.4.RELEASE]
	at org.springframework.aop.aspectj.AspectJAfterAdvice.invoke(AspectJAfterAdvice.java:47) ~[spring-aop-5.2.4.RELEASE.jar:5.2.4.RELEASE]
	at org.springframework.aop.framework.ReflectiveMethodInvocation.proceed(ReflectiveMethodInvocation.java:186) ~[spring-aop-5.2.4.RELEASE.jar:5.2.4.RELEASE]
	at org.springframework.aop.framework.CglibAopProxy$CglibMethodInvocation.proceed(CglibAopProxy.java:747) ~[spring-aop-5.2.4.RELEASE.jar:5.2.4.RELEASE]
	at org.springframework.aop.framework.adapter.AfterReturningAdviceInterceptor.invoke(AfterReturningAdviceInterceptor.java:55) ~[spring-aop-5.2.4.RELEASE.jar:5.2.4.RELEASE]
	at org.springframework.aop.framework.ReflectiveMethodInvocation.proceed(ReflectiveMethodInvocation.java:186) ~[spring-aop-5.2.4.RELEASE.jar:5.2.4.RELEASE]
	at org.springframework.aop.framework.CglibAopProxy$CglibMethodInvocation.proceed(CglibAopProxy.java:747) ~[spring-aop-5.2.4.RELEASE.jar:5.2.4.RELEASE]
	at org.springframework.aop.interceptor.ExposeInvocationInterceptor.invoke(ExposeInvocationInterceptor.java:95) ~[spring-aop-5.2.4.RELEASE.jar:5.2.4.RELEASE]
	at org.springframework.aop.framework.ReflectiveMethodInvocation.proceed(ReflectiveMethodInvocation.java:186) ~[spring-aop-5.2.4.RELEASE.jar:5.2.4.RELEASE]
	at org.springframework.aop.framework.CglibAopProxy$CglibMethodInvocation.proceed(CglibAopProxy.java:747) ~[spring-aop-5.2.4.RELEASE.jar:5.2.4.RELEASE]
	at org.springframework.aop.framework.CglibAopProxy$DynamicAdvisedInterceptor.intercept(CglibAopProxy.java:689) ~[spring-aop-5.2.4.RELEASE.jar:5.2.4.RELEASE]
	at com.star.controller.FooterController$$EnhancerBySpringCGLIB$$24679106.getNewBlogs(<generated>) ~[classes/:na]
	at java.base/jdk.internal.reflect.DirectMethodHandleAccessor.invoke(DirectMethodHandleAccessor.java:103) ~[na:na]
	at java.base/java.lang.reflect.Method.invoke(Method.java:580) ~[na:na]
	at org.springframework.web.method.support.InvocableHandlerMethod.doInvoke(InvocableHandlerMethod.java:190) ~[spring-web-5.2.4.RELEASE.jar:5.2.4.RELEASE]
	at org.springframework.web.method.support.InvocableHandlerMethod.invokeForRequest(InvocableHandlerMethod.java:138) ~[spring-web-5.2.4.RELEASE.jar:5.2.4.RELEASE]
	at org.springframework.web.servlet.mvc.method.annotation.ServletInvocableHandlerMethod.invokeAndHandle(ServletInvocableHandlerMethod.java:106) ~[spring-webmvc-5.2.4.RELEASE.jar:5.2.4.RELEASE]
	at org.springframework.web.servlet.mvc.method.annotation.RequestMappingHandlerAdapter.invokeHandlerMethod(RequestMappingHandlerAdapter.java:879) ~[spring-webmvc-5.2.4.RELEASE.jar:5.2.4.RELEASE]
	at org.springframework.web.servlet.mvc.method.annotation.RequestMappingHandlerAdapter.handleInternal(RequestMappingHandlerAdapter.java:793) ~[spring-webmvc-5.2.4.RELEASE.jar:5.2.4.RELEASE]
	at org.springframework.web.servlet.mvc.method.AbstractHandlerMethodAdapter.handle(AbstractHandlerMethodAdapter.java:87) ~[spring-webmvc-5.2.4.RELEASE.jar:5.2.4.RELEASE]
	at org.springframework.web.servlet.DispatcherServlet.doDispatch(DispatcherServlet.java:1040) ~[spring-webmvc-5.2.4.RELEASE.jar:5.2.4.RELEASE]
	at org.springframework.web.servlet.DispatcherServlet.doService(DispatcherServlet.java:943) ~[spring-webmvc-5.2.4.RELEASE.jar:5.2.4.RELEASE]
	at org.springframework.web.servlet.FrameworkServlet.processRequest(FrameworkServlet.java:1006) ~[spring-webmvc-5.2.4.RELEASE.jar:5.2.4.RELEASE]
	at org.springframework.web.servlet.FrameworkServlet.doGet(FrameworkServlet.java:898) ~[spring-webmvc-5.2.4.RELEASE.jar:5.2.4.RELEASE]
	at javax.servlet.http.HttpServlet.service(HttpServlet.java:634) ~[tomcat-embed-core-9.0.31.jar:9.0.31]
	at org.springframework.web.servlet.FrameworkServlet.service(FrameworkServlet.java:883) ~[spring-webmvc-5.2.4.RELEASE.jar:5.2.4.RELEASE]
	at javax.servlet.http.HttpServlet.service(HttpServlet.java:741) ~[tomcat-embed-core-9.0.31.jar:9.0.31]
	at org.apache.catalina.core.ApplicationFilterChain.internalDoFilter(ApplicationFilterChain.java:231) ~[tomcat-embed-core-9.0.31.jar:9.0.31]
	at org.apache.catalina.core.ApplicationFilterChain.doFilter(ApplicationFilterChain.java:166) ~[tomcat-embed-core-9.0.31.jar:9.0.31]
	at org.apache.tomcat.websocket.server.WsFilter.doFilter(WsFilter.java:53) ~[tomcat-embed-websocket-9.0.31.jar:9.0.31]
	at org.apache.catalina.core.ApplicationFilterChain.internalDoFilter(ApplicationFilterChain.java:193) ~[tomcat-embed-core-9.0.31.jar:9.0.31]
	at org.apache.catalina.core.ApplicationFilterChain.doFilter(ApplicationFilterChain.java:166) ~[tomcat-embed-core-9.0.31.jar:9.0.31]
	at org.springframework.web.filter.RequestContextFilter.doFilterInternal(RequestContextFilter.java:100) ~[spring-web-5.2.4.RELEASE.jar:5.2.4.RELEASE]
	at org.springframework.web.filter.OncePerRequestFilter.doFilter(OncePerRequestFilter.java:119) ~[spring-web-5.2.4.RELEASE.jar:5.2.4.RELEASE]
	at org.apache.catalina.core.ApplicationFilterChain.internalDoFilter(ApplicationFilterChain.java:193) ~[tomcat-embed-core-9.0.31.jar:9.0.31]
	at org.apache.catalina.core.ApplicationFilterChain.doFilter(ApplicationFilterChain.java:166) ~[tomcat-embed-core-9.0.31.jar:9.0.31]
	at org.springframework.web.filter.FormContentFilter.doFilterInternal(FormContentFilter.java:93) ~[spring-web-5.2.4.RELEASE.jar:5.2.4.RELEASE]
	at org.springframework.web.filter.OncePerRequestFilter.doFilter(OncePerRequestFilter.java:119) ~[spring-web-5.2.4.RELEASE.jar:5.2.4.RELEASE]
	at org.apache.catalina.core.ApplicationFilterChain.internalDoFilter(ApplicationFilterChain.java:193) ~[tomcat-embed-core-9.0.31.jar:9.0.31]
	at org.apache.catalina.core.ApplicationFilterChain.doFilter(ApplicationFilterChain.java:166) ~[tomcat-embed-core-9.0.31.jar:9.0.31]
	at org.springframework.web.filter.CharacterEncodingFilter.doFilterInternal(CharacterEncodingFilter.java:201) ~[spring-web-5.2.4.RELEASE.jar:5.2.4.RELEASE]
	at org.springframework.web.filter.OncePerRequestFilter.doFilter(OncePerRequestFilter.java:119) ~[spring-web-5.2.4.RELEASE.jar:5.2.4.RELEASE]
	at org.apache.catalina.core.ApplicationFilterChain.internalDoFilter(ApplicationFilterChain.java:193) ~[tomcat-embed-core-9.0.31.jar:9.0.31]
	at org.apache.catalina.core.ApplicationFilterChain.doFilter(ApplicationFilterChain.java:166) ~[tomcat-embed-core-9.0.31.jar:9.0.31]
	at org.apache.catalina.core.StandardWrapperValve.invoke(StandardWrapperValve.java:202) ~[tomcat-embed-core-9.0.31.jar:9.0.31]
	at org.apache.catalina.core.StandardContextValve.invoke(StandardContextValve.java:96) ~[tomcat-embed-core-9.0.31.jar:9.0.31]
	at org.apache.catalina.authenticator.AuthenticatorBase.invoke(AuthenticatorBase.java:541) ~[tomcat-embed-core-9.0.31.jar:9.0.31]
	at org.apache.catalina.core.StandardHostValve.invoke(StandardHostValve.java:139) ~[tomcat-embed-core-9.0.31.jar:9.0.31]
	at org.apache.catalina.valves.ErrorReportValve.invoke(ErrorReportValve.java:92) ~[tomcat-embed-core-9.0.31.jar:9.0.31]
	at org.apache.catalina.core.StandardEngineValve.invoke(StandardEngineValve.java:74) ~[tomcat-embed-core-9.0.31.jar:9.0.31]
	at org.apache.catalina.connector.CoyoteAdapter.service(CoyoteAdapter.java:343) ~[tomcat-embed-core-9.0.31.jar:9.0.31]
	at org.apache.coyote.http11.Http11Processor.service(Http11Processor.java:367) ~[tomcat-embed-core-9.0.31.jar:9.0.31]
	at org.apache.coyote.AbstractProcessorLight.process(AbstractProcessorLight.java:65) ~[tomcat-embed-core-9.0.31.jar:9.0.31]
	at org.apache.coyote.AbstractProtocol$ConnectionHandler.process(AbstractProtocol.java:868) ~[tomcat-embed-core-9.0.31.jar:9.0.31]
	at org.apache.tomcat.util.net.NioEndpoint$SocketProcessor.doRun(NioEndpoint.java:1639) ~[tomcat-embed-core-9.0.31.jar:9.0.31]
	at org.apache.tomcat.util.net.SocketProcessorBase.run(SocketProcessorBase.java:49) ~[tomcat-embed-core-9.0.31.jar:9.0.31]
	at java.base/java.util.concurrent.ThreadPoolExecutor.runWorker(ThreadPoolExecutor.java:1144) ~[na:na]
	at java.base/java.util.concurrent.ThreadPoolExecutor$Worker.run(ThreadPoolExecutor.java:642) ~[na:na]
	at org.apache.tomcat.util.threads.TaskThread$WrappingRunnable.run(TaskThread.java:61) ~[tomcat-embed-core-9.0.31.jar:9.0.31]
	at java.base/java.lang.Thread.run(Thread.java:1583) ~[na:na]
Caused by: org.apache.ibatis.exceptions.PersistenceException: 
### Error querying database.  Cause: org.springframework.jdbc.CannotGetJdbcConnectionException: Failed to obtain JDBC Connection; nested exception is com.mysql.cj.jdbc.exceptions.CommunicationsException: Communications link failure

The last packet sent successfully to the server was 0 milliseconds ago. The driver has not received any packets from the server.
### The error may exist in file [D:\Wj_WUWorkProject\星光博客myblog\target\classes\mapper\BlogDao.xml]
### The error may involve com.star.dao.BlogDao.getFirstPageBlog
### The error occurred while executing a query
### Cause: org.springframework.jdbc.CannotGetJdbcConnectionException: Failed to obtain JDBC Connection; nested exception is com.mysql.cj.jdbc.exceptions.CommunicationsException: Communications link failure

The last packet sent successfully to the server was 0 milliseconds ago. The driver has not received any packets from the server.
	at org.apache.ibatis.exceptions.ExceptionFactory.wrapException(ExceptionFactory.java:30) ~[mybatis-3.5.4.jar:3.5.4]
	at org.apache.ibatis.session.defaults.DefaultSqlSession.selectList(DefaultSqlSession.java:149) ~[mybatis-3.5.4.jar:3.5.4]
	at org.apache.ibatis.session.defaults.DefaultSqlSession.selectList(DefaultSqlSession.java:140) ~[mybatis-3.5.4.jar:3.5.4]
	at java.base/jdk.internal.reflect.DirectMethodHandleAccessor.invoke(DirectMethodHandleAccessor.java:103) ~[na:na]
	at java.base/java.lang.reflect.Method.invoke(Method.java:580) ~[na:na]
	at org.mybatis.spring.SqlSessionTemplate$SqlSessionInterceptor.invoke(SqlSessionTemplate.java:426) ~[mybatis-spring-2.0.4.jar:2.0.4]
	... 85 common frames omitted
Caused by: org.springframework.jdbc.CannotGetJdbcConnectionException: Failed to obtain JDBC Connection; nested exception is com.mysql.cj.jdbc.exceptions.CommunicationsException: Communications link failure

The last packet sent successfully to the server was 0 milliseconds ago. The driver has not received any packets from the server.
	at org.springframework.jdbc.datasource.DataSourceUtils.getConnection(DataSourceUtils.java:82) ~[spring-jdbc-5.2.4.RELEASE.jar:5.2.4.RELEASE]
	at org.mybatis.spring.transaction.SpringManagedTransaction.openConnection(SpringManagedTransaction.java:80) ~[mybatis-spring-2.0.4.jar:2.0.4]
	at org.mybatis.spring.transaction.SpringManagedTransaction.getConnection(SpringManagedTransaction.java:67) ~[mybatis-spring-2.0.4.jar:2.0.4]
	at org.apache.ibatis.executor.BaseExecutor.getConnection(BaseExecutor.java:336) ~[mybatis-3.5.4.jar:3.5.4]
	at org.apache.ibatis.executor.SimpleExecutor.prepareStatement(SimpleExecutor.java:86) ~[mybatis-3.5.4.jar:3.5.4]
	at org.apache.ibatis.executor.SimpleExecutor.doQuery(SimpleExecutor.java:62) ~[mybatis-3.5.4.jar:3.5.4]
	at org.apache.ibatis.executor.BaseExecutor.queryFromDatabase(BaseExecutor.java:324) ~[mybatis-3.5.4.jar:3.5.4]
	at org.apache.ibatis.executor.BaseExecutor.query(BaseExecutor.java:156) ~[mybatis-3.5.4.jar:3.5.4]
	at org.apache.ibatis.executor.CachingExecutor.query(CachingExecutor.java:109) ~[mybatis-3.5.4.jar:3.5.4]
	at com.github.pagehelper.PageInterceptor.intercept(PageInterceptor.java:108) ~[pagehelper-5.1.10.jar:na]
	at org.apache.ibatis.plugin.Plugin.invoke(Plugin.java:61) ~[mybatis-3.5.4.jar:3.5.4]
	at jdk.proxy2/jdk.proxy2.$Proxy140.query(Unknown Source) ~[na:na]
	at org.apache.ibatis.session.defaults.DefaultSqlSession.selectList(DefaultSqlSession.java:147) ~[mybatis-3.5.4.jar:3.5.4]
	... 89 common frames omitted
Caused by: com.mysql.cj.jdbc.exceptions.CommunicationsException: Communications link failure

The last packet sent successfully to the server was 0 milliseconds ago. The driver has not received any packets from the server.
	at com.mysql.cj.jdbc.exceptions.SQLError.createCommunicationsException(SQLError.java:174) ~[mysql-connector-java-8.0.19.jar:8.0.19]
	at com.mysql.cj.jdbc.exceptions.SQLExceptionsMapping.translateException(SQLExceptionsMapping.java:64) ~[mysql-connector-java-8.0.19.jar:8.0.19]
	at com.mysql.cj.jdbc.ConnectionImpl.createNewIO(ConnectionImpl.java:836) ~[mysql-connector-java-8.0.19.jar:8.0.19]
	at com.mysql.cj.jdbc.ConnectionImpl.<init>(ConnectionImpl.java:456) ~[mysql-connector-java-8.0.19.jar:8.0.19]
	at com.mysql.cj.jdbc.ConnectionImpl.getInstance(ConnectionImpl.java:246) ~[mysql-connector-java-8.0.19.jar:8.0.19]
	at com.mysql.cj.jdbc.NonRegisteringDriver.connect(NonRegisteringDriver.java:197) ~[mysql-connector-java-8.0.19.jar:8.0.19]
	at com.zaxxer.hikari.util.DriverDataSource.getConnection(DriverDataSource.java:138) ~[HikariCP-3.4.2.jar:na]
	at com.zaxxer.hikari.pool.PoolBase.newConnection(PoolBase.java:354) ~[HikariCP-3.4.2.jar:na]
	at com.zaxxer.hikari.pool.PoolBase.newPoolEntry(PoolBase.java:202) ~[HikariCP-3.4.2.jar:na]
	at com.zaxxer.hikari.pool.HikariPool.createPoolEntry(HikariPool.java:473) ~[HikariCP-3.4.2.jar:na]
	at com.zaxxer.hikari.pool.HikariPool.checkFailFast(HikariPool.java:554) ~[HikariCP-3.4.2.jar:na]
	at com.zaxxer.hikari.pool.HikariPool.<init>(HikariPool.java:115) ~[HikariCP-3.4.2.jar:na]
	at com.zaxxer.hikari.HikariDataSource.getConnection(HikariDataSource.java:112) ~[HikariCP-3.4.2.jar:na]
	at org.springframework.jdbc.datasource.DataSourceUtils.fetchConnection(DataSourceUtils.java:158) ~[spring-jdbc-5.2.4.RELEASE.jar:5.2.4.RELEASE]
	at org.springframework.jdbc.datasource.DataSourceUtils.doGetConnection(DataSourceUtils.java:116) ~[spring-jdbc-5.2.4.RELEASE.jar:5.2.4.RELEASE]
	at org.springframework.jdbc.datasource.DataSourceUtils.getConnection(DataSourceUtils.java:79) ~[spring-jdbc-5.2.4.RELEASE.jar:5.2.4.RELEASE]
	... 101 common frames omitted
Caused by: com.mysql.cj.exceptions.CJCommunicationsException: Communications link failure

The last packet sent successfully to the server was 0 milliseconds ago. The driver has not received any packets from the server.
	at java.base/jdk.internal.reflect.DirectConstructorHandleAccessor.newInstance(DirectConstructorHandleAccessor.java:62) ~[na:na]
	at java.base/java.lang.reflect.Constructor.newInstanceWithCaller(Constructor.java:502) ~[na:na]
	at java.base/java.lang.reflect.Constructor.newInstance(Constructor.java:486) ~[na:na]
	at com.mysql.cj.exceptions.ExceptionFactory.createException(ExceptionFactory.java:61) ~[mysql-connector-java-8.0.19.jar:8.0.19]
	at com.mysql.cj.exceptions.ExceptionFactory.createException(ExceptionFactory.java:105) ~[mysql-connector-java-8.0.19.jar:8.0.19]
	at com.mysql.cj.exceptions.ExceptionFactory.createException(ExceptionFactory.java:151) ~[mysql-connector-java-8.0.19.jar:8.0.19]
	at com.mysql.cj.exceptions.ExceptionFactory.createCommunicationsException(ExceptionFactory.java:167) ~[mysql-connector-java-8.0.19.jar:8.0.19]
	at com.mysql.cj.protocol.a.NativeSocketConnection.connect(NativeSocketConnection.java:91) ~[mysql-connector-java-8.0.19.jar:8.0.19]
	at com.mysql.cj.NativeSession.connect(NativeSession.java:144) ~[mysql-connector-java-8.0.19.jar:8.0.19]
	at com.mysql.cj.jdbc.ConnectionImpl.connectOneTryOnly(ConnectionImpl.java:956) ~[mysql-connector-java-8.0.19.jar:8.0.19]
	at com.mysql.cj.jdbc.ConnectionImpl.createNewIO(ConnectionImpl.java:826) ~[mysql-connector-java-8.0.19.jar:8.0.19]
	... 114 common frames omitted
Caused by: java.net.ConnectException: Connection refused: getsockopt
	at java.base/sun.nio.ch.Net.pollConnect(Native Method) ~[na:na]
	at java.base/sun.nio.ch.Net.pollConnectNow(Net.java:682) ~[na:na]
	at java.base/sun.nio.ch.NioSocketImpl.timedFinishConnect(NioSocketImpl.java:542) ~[na:na]
	at java.base/sun.nio.ch.NioSocketImpl.connect(NioSocketImpl.java:592) ~[na:na]
	at java.base/java.net.SocksSocketImpl.connect(SocksSocketImpl.java:327) ~[na:na]
	at java.base/java.net.Socket.connect(Socket.java:751) ~[na:na]
	at com.mysql.cj.protocol.StandardSocketFactory.connect(StandardSocketFactory.java:155) ~[mysql-connector-java-8.0.19.jar:8.0.19]
	at com.mysql.cj.protocol.a.NativeSocketConnection.connect(NativeSocketConnection.java:65) ~[mysql-connector-java-8.0.19.jar:8.0.19]
	... 117 common frames omitted

2025-09-27 10:52:15.152  INFO 16944 --- [http-nio-80-exec-9] com.star.aspect.LogAspect                : Result : com.star.response.Response@5652b941
2025-09-27 10:52:45.248  INFO 16944 --- [SpringContextShutdownHook] o.s.s.concurrent.ThreadPoolTaskExecutor  : Shutting down ExecutorService 'applicationTaskExecutor'
2025-09-27 10:52:47.263  INFO 18888 --- [restartedMain] com.star.MyblogApplication               : Starting MyblogApplication on DESKTOP-ARREJ2C with PID 18888 (started by tear in D:\Wj_WUWorkProject\星光博客myblog)
2025-09-27 10:52:47.264 DEBUG 18888 --- [restartedMain] com.star.MyblogApplication               : Running with Spring Boot v2.2.5.RELEASE, Spring v5.2.4.RELEASE
2025-09-27 10:52:47.265  INFO 18888 --- [restartedMain] com.star.MyblogApplication               : No active profile set, falling back to default profiles: default
2025-09-27 10:52:47.306  INFO 18888 --- [restartedMain] .e.DevToolsPropertyDefaultsPostProcessor : Devtools property defaults active! Set 'spring.devtools.add-properties' to 'false' to disable
2025-09-27 10:52:47.306  INFO 18888 --- [restartedMain] .e.DevToolsPropertyDefaultsPostProcessor : For additional web related logging consider setting the 'logging.level.web' property to 'DEBUG'
2025-09-27 10:52:47.787  INFO 18888 --- [restartedMain] .s.d.r.c.RepositoryConfigurationDelegate : Multiple Spring Data modules found, entering strict repository configuration mode!
2025-09-27 10:52:47.789  INFO 18888 --- [restartedMain] .s.d.r.c.RepositoryConfigurationDelegate : Bootstrapping Spring Data Redis repositories in DEFAULT mode.
2025-09-27 10:52:47.808  INFO 18888 --- [restartedMain] .s.d.r.c.RepositoryConfigurationDelegate : Finished Spring Data repository scanning in 11ms. Found 0 Redis repository interfaces.
2025-09-27 10:52:48.205  INFO 18888 --- [restartedMain] trationDelegate$BeanPostProcessorChecker : Bean 'redisConfig' of type [com.star.config.RedisConfig$$EnhancerBySpringCGLIB$$ec997a21] is not eligible for getting processed by all BeanPostProcessors (for example: not eligible for auto-proxying)
2025-09-27 10:52:48.450  INFO 18888 --- [restartedMain] o.s.b.w.embedded.tomcat.TomcatWebServer  : Tomcat initialized with port(s): 80 (http)
2025-09-27 10:52:48.458  INFO 18888 --- [restartedMain] o.apache.catalina.core.StandardService   : Starting service [Tomcat]
2025-09-27 10:52:48.458  INFO 18888 --- [restartedMain] org.apache.catalina.core.StandardEngine  : Starting Servlet engine: [Apache Tomcat/9.0.31]
2025-09-27 10:52:48.508  INFO 18888 --- [restartedMain] o.a.c.c.C.[Tomcat].[localhost].[/]       : Initializing Spring embedded WebApplicationContext
2025-09-27 10:52:48.508  INFO 18888 --- [restartedMain] o.s.web.context.ContextLoader            : Root WebApplicationContext: initialization completed in 1202 ms
2025-09-27 10:52:49.389  INFO 18888 --- [restartedMain] o.s.s.concurrent.ThreadPoolTaskExecutor  : Initializing ExecutorService 'applicationTaskExecutor'
2025-09-27 10:52:49.470  INFO 18888 --- [restartedMain] o.s.b.a.w.s.WelcomePageHandlerMapping    : Adding welcome page template: index
2025-09-27 10:52:49.856  INFO 18888 --- [restartedMain] o.s.b.d.a.OptionalLiveReloadServer       : LiveReload server is running on port 35729
2025-09-27 10:52:49.909  INFO 18888 --- [restartedMain] o.s.b.w.embedded.tomcat.TomcatWebServer  : Tomcat started on port(s): 80 (http) with context path ''
2025-09-27 10:52:49.910  INFO 18888 --- [restartedMain] com.star.MyblogApplication               : Started MyblogApplication in 2.966 seconds (JVM running for 3.622)
2025-09-27 10:52:57.514  INFO 18888 --- [http-nio-80-exec-1] o.a.c.c.C.[Tomcat].[localhost].[/]       : Initializing Spring DispatcherServlet 'dispatcherServlet'
2025-09-27 10:52:57.514  INFO 18888 --- [http-nio-80-exec-1] o.s.web.servlet.DispatcherServlet        : Initializing Servlet 'dispatcherServlet'
2025-09-27 10:52:57.533  INFO 18888 --- [http-nio-80-exec-1] o.s.web.servlet.DispatcherServlet        : Completed initialization in 19 ms
2025-09-27 10:52:57.557  INFO 18888 --- [http-nio-80-exec-1] com.star.aspect.LogAspect                : Request : {url='http://localhost/', ip='0:0:0:0:0:0:0:1', classMethod='com.star.controller.IndexController.index', args=[{}, 1, {}]}
2025-09-27 10:52:57.571  INFO 18888 --- [http-nio-80-exec-1] com.zaxxer.hikari.HikariDataSource       : HikariPool-1 - Starting...
2025-09-27 10:52:57.678  INFO 18888 --- [http-nio-80-exec-1] com.zaxxer.hikari.HikariDataSource       : HikariPool-1 - Start completed.
2025-09-27 10:52:57.717 DEBUG 18888 --- [http-nio-80-exec-1] c.s.dao.BlogDao.getFirstPageBlog_COUNT   : ==>  Preparing: SELECT count(0) FROM myblog.t_blog b, myblog.t_type t, myblog.t_user u WHERE b.type_id = t.id AND u.id = b.user_id AND b.published = 1 
2025-09-27 10:52:57.741 DEBUG 18888 --- [http-nio-80-exec-1] c.s.dao.BlogDao.getFirstPageBlog_COUNT   : ==> Parameters: 
2025-09-27 10:52:57.771 DEBUG 18888 --- [http-nio-80-exec-1] c.s.dao.BlogDao.getFirstPageBlog_COUNT   : <==      Total: 1
2025-09-27 10:52:57.773 DEBUG 18888 --- [http-nio-80-exec-1] c.star.dao.BlogDao.getAllRecommendBlog   : ==>  Preparing: SELECT * FROM myblog.t_blog WHERE t_blog.recommend = TRUE ORDER BY t_blog.create_time DESC LIMIT 4 
2025-09-27 10:52:57.774 DEBUG 18888 --- [http-nio-80-exec-1] c.star.dao.BlogDao.getAllRecommendBlog   : ==> Parameters: 
2025-09-27 10:52:57.778 DEBUG 18888 --- [http-nio-80-exec-1] c.star.dao.BlogDao.getAllRecommendBlog   : <==      Total: 2
2025-09-27 10:52:57.779 DEBUG 18888 --- [http-nio-80-exec-1] com.star.dao.BlogDao.getNewComment       : ==>  Preparing: SELECT * FROM myblog.t_comment c, myblog.t_blog b WHERE c.blog_id = b.id ORDER BY c.create_time DESC LIMIT 10 
2025-09-27 10:52:57.779 DEBUG 18888 --- [http-nio-80-exec-1] com.star.dao.BlogDao.getNewComment       : ==> Parameters: 
2025-09-27 10:52:57.783 DEBUG 18888 --- [http-nio-80-exec-1] com.star.dao.BlogDao.getNewComment       : <==      Total: 1
2025-09-27 10:52:57.784  INFO 18888 --- [http-nio-80-exec-1] com.star.aspect.LogAspect                : Result : index
2025-09-27 10:52:58.162  INFO 18888 --- [http-nio-80-exec-6] com.star.aspect.LogAspect                : Request : {url='http://localhost/footer/blogmessage', ip='0:0:0:0:0:0:0:1', classMethod='com.star.controller.IndexController.blogMessage', args=[{}]}
2025-09-27 10:52:58.163 DEBUG 18888 --- [http-nio-80-exec-6] com.star.dao.BlogDao.getBlogTotal        : ==>  Preparing: select count(*) from myblog.t_blog 
2025-09-27 10:52:58.163 DEBUG 18888 --- [http-nio-80-exec-6] com.star.dao.BlogDao.getBlogTotal        : ==> Parameters: 
2025-09-27 10:52:58.165 DEBUG 18888 --- [http-nio-80-exec-6] com.star.dao.BlogDao.getBlogTotal        : <==      Total: 1
2025-09-27 10:52:58.165 DEBUG 18888 --- [http-nio-80-exec-6] com.star.dao.BlogDao.getBlogViewTotal    : ==>  Preparing: select coalesce (sum(views),0) from myblog.t_blog 
2025-09-27 10:52:58.166 DEBUG 18888 --- [http-nio-80-exec-6] com.star.dao.BlogDao.getBlogViewTotal    : ==> Parameters: 
2025-09-27 10:52:58.166 DEBUG 18888 --- [http-nio-80-exec-6] com.star.dao.BlogDao.getBlogViewTotal    : <==      Total: 1
2025-09-27 10:52:58.167 DEBUG 18888 --- [http-nio-80-exec-6] c.star.dao.BlogDao.getBlogCommentTotal   : ==>  Preparing: select count(*) from myblog.t_comment 
2025-09-27 10:52:58.167 DEBUG 18888 --- [http-nio-80-exec-6] c.star.dao.BlogDao.getBlogCommentTotal   : ==> Parameters: 
2025-09-27 10:52:58.169 DEBUG 18888 --- [http-nio-80-exec-6] c.star.dao.BlogDao.getBlogCommentTotal   : <==      Total: 1
2025-09-27 10:52:58.170 DEBUG 18888 --- [http-nio-80-exec-6] c.star.dao.BlogDao.getBlogMessageTotal   : ==>  Preparing: select count(*) from myblog.t_message 
2025-09-27 10:52:58.170 DEBUG 18888 --- [http-nio-80-exec-6] c.star.dao.BlogDao.getBlogMessageTotal   : ==> Parameters: 
2025-09-27 10:52:58.173 DEBUG 18888 --- [http-nio-80-exec-6] c.star.dao.BlogDao.getBlogMessageTotal   : <==      Total: 1
2025-09-27 10:52:58.174  INFO 18888 --- [http-nio-80-exec-6] com.star.aspect.LogAspect                : Result : index :: blogMessage
2025-09-27 10:53:00.917 DEBUG 18888 --- [http-nio-80-exec-6] c.s.d.UserDao.findByUsernameAndPassword  : ==>  Preparing: select * from myblog.t_user where username = ? and password = ?; 
2025-09-27 10:53:00.919 DEBUG 18888 --- [http-nio-80-exec-6] c.s.d.UserDao.findByUsernameAndPassword  : ==> Parameters: tear(String), 2a402dd1f1d3ac729528eabdfd2650d0(String)
2025-09-27 10:53:00.921 DEBUG 18888 --- [http-nio-80-exec-6] c.s.d.UserDao.findByUsernameAndPassword  : <==      Total: 1
2025-09-27 10:53:01.003  INFO 18888 --- [http-nio-80-exec-9] com.star.aspect.LogAspect                : Request : {url='http://localhost/footer/blogmessage', ip='0:0:0:0:0:0:0:1', classMethod='com.star.controller.IndexController.blogMessage', args=[{}]}
2025-09-27 10:53:01.004 DEBUG 18888 --- [http-nio-80-exec-9] com.star.dao.BlogDao.getBlogTotal        : ==>  Preparing: select count(*) from myblog.t_blog 
2025-09-27 10:53:01.004 DEBUG 18888 --- [http-nio-80-exec-9] com.star.dao.BlogDao.getBlogTotal        : ==> Parameters: 
2025-09-27 10:53:01.005 DEBUG 18888 --- [http-nio-80-exec-9] com.star.dao.BlogDao.getBlogTotal        : <==      Total: 1
2025-09-27 10:53:01.006 DEBUG 18888 --- [http-nio-80-exec-9] com.star.dao.BlogDao.getBlogViewTotal    : ==>  Preparing: select coalesce (sum(views),0) from myblog.t_blog 
2025-09-27 10:53:01.006 DEBUG 18888 --- [http-nio-80-exec-9] com.star.dao.BlogDao.getBlogViewTotal    : ==> Parameters: 
2025-09-27 10:53:01.007 DEBUG 18888 --- [http-nio-80-exec-9] com.star.dao.BlogDao.getBlogViewTotal    : <==      Total: 1
2025-09-27 10:53:01.008 DEBUG 18888 --- [http-nio-80-exec-9] c.star.dao.BlogDao.getBlogCommentTotal   : ==>  Preparing: select count(*) from myblog.t_comment 
2025-09-27 10:53:01.009 DEBUG 18888 --- [http-nio-80-exec-9] c.star.dao.BlogDao.getBlogCommentTotal   : ==> Parameters: 
2025-09-27 10:53:01.010 DEBUG 18888 --- [http-nio-80-exec-9] c.star.dao.BlogDao.getBlogCommentTotal   : <==      Total: 1
2025-09-27 10:53:01.011 DEBUG 18888 --- [http-nio-80-exec-9] c.star.dao.BlogDao.getBlogMessageTotal   : ==>  Preparing: select count(*) from myblog.t_message 
2025-09-27 10:53:01.011 DEBUG 18888 --- [http-nio-80-exec-9] c.star.dao.BlogDao.getBlogMessageTotal   : ==> Parameters: 
2025-09-27 10:53:01.012 DEBUG 18888 --- [http-nio-80-exec-9] c.star.dao.BlogDao.getBlogMessageTotal   : <==      Total: 1
2025-09-27 10:53:01.012  INFO 18888 --- [http-nio-80-exec-9] com.star.aspect.LogAspect                : Result : index :: blogMessage
2025-09-27 10:53:02.632 DEBUG 18888 --- [http-nio-80-exec-1] c.s.dao.FileUploadDao.listFileUploads    : ==>  Preparing: SELECT * FROM t_file_upload WHERE is_deleted = 0 ORDER BY upload_time DESC 
2025-09-27 10:53:02.632 DEBUG 18888 --- [http-nio-80-exec-1] c.s.dao.FileUploadDao.listFileUploads    : ==> Parameters: 
2025-09-27 10:53:02.639 DEBUG 18888 --- [http-nio-80-exec-1] c.s.dao.FileUploadDao.listFileUploads    : <==      Total: 5
2025-09-27 10:53:02.640 DEBUG 18888 --- [http-nio-80-exec-1] com.star.dao.FileUploadDao.getFileCount  : ==>  Preparing: SELECT COUNT(*) FROM t_file_upload WHERE is_deleted = 0 
2025-09-27 10:53:02.640 DEBUG 18888 --- [http-nio-80-exec-1] com.star.dao.FileUploadDao.getFileCount  : ==> Parameters: 
2025-09-27 10:53:02.641 DEBUG 18888 --- [http-nio-80-exec-1] com.star.dao.FileUploadDao.getFileCount  : <==      Total: 1
2025-09-27 10:53:02.642 DEBUG 18888 --- [http-nio-80-exec-1] c.s.dao.FileUploadDao.getTotalFileSize   : ==>  Preparing: SELECT COALESCE(SUM(file_size), 0) FROM t_file_upload WHERE is_deleted = 0 
2025-09-27 10:53:02.642 DEBUG 18888 --- [http-nio-80-exec-1] c.s.dao.FileUploadDao.getTotalFileSize   : ==> Parameters: 
2025-09-27 10:53:02.643 DEBUG 18888 --- [http-nio-80-exec-1] c.s.dao.FileUploadDao.getTotalFileSize   : <==      Total: 1
2025-09-27 10:53:02.716 DEBUG 18888 --- [http-nio-80-exec-3] com.star.dao.FileUploadDao.getFileCount  : ==>  Preparing: SELECT COUNT(*) FROM t_file_upload WHERE is_deleted = 0 
2025-09-27 10:53:02.717 DEBUG 18888 --- [http-nio-80-exec-3] com.star.dao.FileUploadDao.getFileCount  : ==> Parameters: 
2025-09-27 10:53:02.718 DEBUG 18888 --- [http-nio-80-exec-3] com.star.dao.FileUploadDao.getFileCount  : <==      Total: 1
2025-09-27 10:53:02.718 DEBUG 18888 --- [http-nio-80-exec-3] c.s.dao.FileUploadDao.getTotalFileSize   : ==>  Preparing: SELECT COALESCE(SUM(file_size), 0) FROM t_file_upload WHERE is_deleted = 0 
2025-09-27 10:53:02.718 DEBUG 18888 --- [http-nio-80-exec-3] c.s.dao.FileUploadDao.getTotalFileSize   : ==> Parameters: 
2025-09-27 10:53:02.719 DEBUG 18888 --- [http-nio-80-exec-6] c.s.d.F.listFileUploadsWithPage          : ==>  Preparing: SELECT * FROM t_file_upload WHERE is_deleted = 0 ORDER BY upload_time DESC LIMIT ?, ? 
2025-09-27 10:53:02.719 DEBUG 18888 --- [http-nio-80-exec-3] c.s.dao.FileUploadDao.getTotalFileSize   : <==      Total: 1
2025-09-27 10:53:02.721 DEBUG 18888 --- [http-nio-80-exec-6] c.s.d.F.listFileUploadsWithPage          : ==> Parameters: 0(Integer), 12(Integer)
2025-09-27 10:53:02.724 DEBUG 18888 --- [http-nio-80-exec-6] c.s.d.F.listFileUploadsWithPage          : <==      Total: 5
2025-09-27 11:13:40.314  INFO 18888 --- [SpringContextShutdownHook] o.s.s.concurrent.ThreadPoolTaskExecutor  : Shutting down ExecutorService 'applicationTaskExecutor'
2025-09-27 11:13:40.315  INFO 18888 --- [SpringContextShutdownHook] com.zaxxer.hikari.HikariDataSource       : HikariPool-1 - Shutdown initiated...
2025-09-27 11:13:40.317  INFO 18888 --- [SpringContextShutdownHook] com.zaxxer.hikari.HikariDataSource       : HikariPool-1 - Shutdown completed.
2025-09-27 11:13:42.404  INFO 21704 --- [restartedMain] com.star.MyblogApplication               : Starting MyblogApplication on DESKTOP-ARREJ2C with PID 21704 (started by tear in D:\Wj_WUWorkProject\星光博客myblog)
2025-09-27 11:13:42.406 DEBUG 21704 --- [restartedMain] com.star.MyblogApplication               : Running with Spring Boot v2.2.5.RELEASE, Spring v5.2.4.RELEASE
2025-09-27 11:13:42.406  INFO 21704 --- [restartedMain] com.star.MyblogApplication               : No active profile set, falling back to default profiles: default
2025-09-27 11:13:42.441  INFO 21704 --- [restartedMain] .e.DevToolsPropertyDefaultsPostProcessor : Devtools property defaults active! Set 'spring.devtools.add-properties' to 'false' to disable
2025-09-27 11:13:42.441  INFO 21704 --- [restartedMain] .e.DevToolsPropertyDefaultsPostProcessor : For additional web related logging consider setting the 'logging.level.web' property to 'DEBUG'
2025-09-27 11:13:42.920  INFO 21704 --- [restartedMain] .s.d.r.c.RepositoryConfigurationDelegate : Multiple Spring Data modules found, entering strict repository configuration mode!
2025-09-27 11:13:42.922  INFO 21704 --- [restartedMain] .s.d.r.c.RepositoryConfigurationDelegate : Bootstrapping Spring Data Redis repositories in DEFAULT mode.
2025-09-27 11:13:42.941  INFO 21704 --- [restartedMain] .s.d.r.c.RepositoryConfigurationDelegate : Finished Spring Data repository scanning in 11ms. Found 0 Redis repository interfaces.
2025-09-27 11:13:43.338  INFO 21704 --- [restartedMain] trationDelegate$BeanPostProcessorChecker : Bean 'redisConfig' of type [com.star.config.RedisConfig$$EnhancerBySpringCGLIB$$82a49779] is not eligible for getting processed by all BeanPostProcessors (for example: not eligible for auto-proxying)
2025-09-27 11:13:43.584  INFO 21704 --- [restartedMain] o.s.b.w.embedded.tomcat.TomcatWebServer  : Tomcat initialized with port(s): 80 (http)
2025-09-27 11:13:43.592  INFO 21704 --- [restartedMain] o.apache.catalina.core.StandardService   : Starting service [Tomcat]
2025-09-27 11:13:43.593  INFO 21704 --- [restartedMain] org.apache.catalina.core.StandardEngine  : Starting Servlet engine: [Apache Tomcat/9.0.31]
2025-09-27 11:13:43.649  INFO 21704 --- [restartedMain] o.a.c.c.C.[Tomcat].[localhost].[/]       : Initializing Spring embedded WebApplicationContext
2025-09-27 11:13:43.649  INFO 21704 --- [restartedMain] o.s.web.context.ContextLoader            : Root WebApplicationContext: initialization completed in 1208 ms
2025-09-27 11:13:44.528  INFO 21704 --- [restartedMain] o.s.s.concurrent.ThreadPoolTaskExecutor  : Initializing ExecutorService 'applicationTaskExecutor'
2025-09-27 11:13:44.609  INFO 21704 --- [restartedMain] o.s.b.a.w.s.WelcomePageHandlerMapping    : Adding welcome page template: index
2025-09-27 11:13:45.001  INFO 21704 --- [restartedMain] o.s.b.d.a.OptionalLiveReloadServer       : LiveReload server is running on port 35729
2025-09-27 11:13:45.052  INFO 21704 --- [restartedMain] o.s.b.w.embedded.tomcat.TomcatWebServer  : Tomcat started on port(s): 80 (http) with context path ''
2025-09-27 11:13:45.054  INFO 21704 --- [restartedMain] com.star.MyblogApplication               : Started MyblogApplication in 2.942 seconds (JVM running for 3.562)
2025-09-27 11:13:50.846  INFO 21704 --- [http-nio-80-exec-1] o.a.c.c.C.[Tomcat].[localhost].[/]       : Initializing Spring DispatcherServlet 'dispatcherServlet'
2025-09-27 11:13:50.846  INFO 21704 --- [http-nio-80-exec-1] o.s.web.servlet.DispatcherServlet        : Initializing Servlet 'dispatcherServlet'
2025-09-27 11:13:50.853  INFO 21704 --- [http-nio-80-exec-1] o.s.web.servlet.DispatcherServlet        : Completed initialization in 7 ms
2025-09-27 11:13:50.877  INFO 21704 --- [http-nio-80-exec-1] com.star.aspect.LogAspect                : Request : {url='http://localhost/', ip='0:0:0:0:0:0:0:1', classMethod='com.star.controller.IndexController.index', args=[{}, 1, {}]}
2025-09-27 11:13:50.892  INFO 21704 --- [http-nio-80-exec-1] com.zaxxer.hikari.HikariDataSource       : HikariPool-1 - Starting...
2025-09-27 11:13:50.996  INFO 21704 --- [http-nio-80-exec-1] com.zaxxer.hikari.HikariDataSource       : HikariPool-1 - Start completed.
2025-09-27 11:13:51.031 DEBUG 21704 --- [http-nio-80-exec-1] c.s.dao.BlogDao.getFirstPageBlog_COUNT   : ==>  Preparing: SELECT count(0) FROM myblog.t_blog b, myblog.t_type t, myblog.t_user u WHERE b.type_id = t.id AND u.id = b.user_id AND b.published = 1 
2025-09-27 11:13:51.049 DEBUG 21704 --- [http-nio-80-exec-1] c.s.dao.BlogDao.getFirstPageBlog_COUNT   : ==> Parameters: 
2025-09-27 11:13:51.071 DEBUG 21704 --- [http-nio-80-exec-1] c.s.dao.BlogDao.getFirstPageBlog_COUNT   : <==      Total: 1
2025-09-27 11:13:51.073 DEBUG 21704 --- [http-nio-80-exec-1] c.star.dao.BlogDao.getAllRecommendBlog   : ==>  Preparing: SELECT * FROM myblog.t_blog WHERE t_blog.recommend = TRUE ORDER BY t_blog.create_time DESC LIMIT 4 
2025-09-27 11:13:51.074 DEBUG 21704 --- [http-nio-80-exec-1] c.star.dao.BlogDao.getAllRecommendBlog   : ==> Parameters: 
2025-09-27 11:13:51.077 DEBUG 21704 --- [http-nio-80-exec-1] c.star.dao.BlogDao.getAllRecommendBlog   : <==      Total: 2
2025-09-27 11:13:51.078 DEBUG 21704 --- [http-nio-80-exec-1] com.star.dao.BlogDao.getNewComment       : ==>  Preparing: SELECT * FROM myblog.t_comment c, myblog.t_blog b WHERE c.blog_id = b.id ORDER BY c.create_time DESC LIMIT 10 
2025-09-27 11:13:51.078 DEBUG 21704 --- [http-nio-80-exec-1] com.star.dao.BlogDao.getNewComment       : ==> Parameters: 
2025-09-27 11:13:51.080 DEBUG 21704 --- [http-nio-80-exec-1] com.star.dao.BlogDao.getNewComment       : <==      Total: 1
2025-09-27 11:13:51.082  INFO 21704 --- [http-nio-80-exec-1] com.star.aspect.LogAspect                : Result : index
2025-09-27 11:13:51.470  INFO 21704 --- [http-nio-80-exec-6] com.star.aspect.LogAspect                : Request : {url='http://localhost/footer/blogmessage', ip='0:0:0:0:0:0:0:1', classMethod='com.star.controller.IndexController.blogMessage', args=[{}]}
2025-09-27 11:13:51.471 DEBUG 21704 --- [http-nio-80-exec-6] com.star.dao.BlogDao.getBlogTotal        : ==>  Preparing: select count(*) from myblog.t_blog 
2025-09-27 11:13:51.471 DEBUG 21704 --- [http-nio-80-exec-6] com.star.dao.BlogDao.getBlogTotal        : ==> Parameters: 
2025-09-27 11:13:51.472 DEBUG 21704 --- [http-nio-80-exec-6] com.star.dao.BlogDao.getBlogTotal        : <==      Total: 1
2025-09-27 11:13:51.473 DEBUG 21704 --- [http-nio-80-exec-6] com.star.dao.BlogDao.getBlogViewTotal    : ==>  Preparing: select coalesce (sum(views),0) from myblog.t_blog 
2025-09-27 11:13:51.473 DEBUG 21704 --- [http-nio-80-exec-6] com.star.dao.BlogDao.getBlogViewTotal    : ==> Parameters: 
2025-09-27 11:13:51.474 DEBUG 21704 --- [http-nio-80-exec-6] com.star.dao.BlogDao.getBlogViewTotal    : <==      Total: 1
2025-09-27 11:13:51.474 DEBUG 21704 --- [http-nio-80-exec-6] c.star.dao.BlogDao.getBlogCommentTotal   : ==>  Preparing: select count(*) from myblog.t_comment 
2025-09-27 11:13:51.474 DEBUG 21704 --- [http-nio-80-exec-6] c.star.dao.BlogDao.getBlogCommentTotal   : ==> Parameters: 
2025-09-27 11:13:51.476 DEBUG 21704 --- [http-nio-80-exec-6] c.star.dao.BlogDao.getBlogCommentTotal   : <==      Total: 1
2025-09-27 11:13:51.477 DEBUG 21704 --- [http-nio-80-exec-6] c.star.dao.BlogDao.getBlogMessageTotal   : ==>  Preparing: select count(*) from myblog.t_message 
2025-09-27 11:13:51.477 DEBUG 21704 --- [http-nio-80-exec-6] c.star.dao.BlogDao.getBlogMessageTotal   : ==> Parameters: 
2025-09-27 11:13:51.478 DEBUG 21704 --- [http-nio-80-exec-6] c.star.dao.BlogDao.getBlogMessageTotal   : <==      Total: 1
2025-09-27 11:13:51.478  INFO 21704 --- [http-nio-80-exec-6] com.star.aspect.LogAspect                : Result : index :: blogMessage
2025-09-27 11:13:53.272  INFO 21704 --- [http-nio-80-exec-6] com.star.aspect.LogAspect                : Request : {url='http://localhost/footer/newblog', ip='0:0:0:0:0:0:0:1', classMethod='com.star.controller.FooterController.getNewBlogs', args=[]}
2025-09-27 11:13:53.277 DEBUG 21704 --- [http-nio-80-exec-6] com.star.dao.BlogDao.getFirstPageBlog    : ==>  Preparing: select b.id,b.title,b.first_picture, b.views, b.comment_count,b.create_time,b.update_time,b.description,t.name ,u.nickname, u.avatar from myblog.t_blog b, myblog.t_type t,myblog.t_user u where b.type_id = t.id and u.id = b.user_id and b.published = 1 order by b.create_time desc 
2025-09-27 11:13:53.277 DEBUG 21704 --- [http-nio-80-exec-6] com.star.dao.BlogDao.getFirstPageBlog    : ==> Parameters: 
2025-09-27 11:13:53.278 DEBUG 21704 --- [http-nio-80-exec-6] com.star.dao.BlogDao.getFirstPageBlog    : <==      Total: 0
2025-09-27 11:13:53.279  INFO 21704 --- [http-nio-80-exec-6] com.star.aspect.LogAspect                : Result : com.star.response.Response@5e4a2f3c
2025-09-27 11:13:54.827  INFO 21704 --- [http-nio-80-exec-8] com.star.aspect.LogAspect                : Request : {url='http://localhost/', ip='0:0:0:0:0:0:0:1', classMethod='com.star.controller.IndexController.index', args=[{}, 1, {}]}
2025-09-27 11:13:54.829 DEBUG 21704 --- [http-nio-80-exec-8] c.s.dao.BlogDao.getFirstPageBlog_COUNT   : ==>  Preparing: SELECT count(0) FROM myblog.t_blog b, myblog.t_type t, myblog.t_user u WHERE b.type_id = t.id AND u.id = b.user_id AND b.published = 1 
2025-09-27 11:13:54.829 DEBUG 21704 --- [http-nio-80-exec-8] c.s.dao.BlogDao.getFirstPageBlog_COUNT   : ==> Parameters: 
2025-09-27 11:13:54.830 DEBUG 21704 --- [http-nio-80-exec-8] c.s.dao.BlogDao.getFirstPageBlog_COUNT   : <==      Total: 1
2025-09-27 11:13:54.830 DEBUG 21704 --- [http-nio-80-exec-8] c.star.dao.BlogDao.getAllRecommendBlog   : ==>  Preparing: SELECT * FROM myblog.t_blog WHERE t_blog.recommend = TRUE ORDER BY t_blog.create_time DESC LIMIT 4 
2025-09-27 11:13:54.830 DEBUG 21704 --- [http-nio-80-exec-8] c.star.dao.BlogDao.getAllRecommendBlog   : ==> Parameters: 
2025-09-27 11:13:54.832 DEBUG 21704 --- [http-nio-80-exec-8] c.star.dao.BlogDao.getAllRecommendBlog   : <==      Total: 2
2025-09-27 11:13:54.832 DEBUG 21704 --- [http-nio-80-exec-8] com.star.dao.BlogDao.getNewComment       : ==>  Preparing: SELECT * FROM myblog.t_comment c, myblog.t_blog b WHERE c.blog_id = b.id ORDER BY c.create_time DESC LIMIT 10 
2025-09-27 11:13:54.832 DEBUG 21704 --- [http-nio-80-exec-8] com.star.dao.BlogDao.getNewComment       : ==> Parameters: 
2025-09-27 11:13:54.834 DEBUG 21704 --- [http-nio-80-exec-8] com.star.dao.BlogDao.getNewComment       : <==      Total: 1
2025-09-27 11:13:54.834  INFO 21704 --- [http-nio-80-exec-8] com.star.aspect.LogAspect                : Result : index
2025-09-27 11:13:54.895  INFO 21704 --- [http-nio-80-exec-10] com.star.aspect.LogAspect                : Request : {url='http://localhost/footer/blogmessage', ip='0:0:0:0:0:0:0:1', classMethod='com.star.controller.IndexController.blogMessage', args=[{}]}
2025-09-27 11:13:54.895 DEBUG 21704 --- [http-nio-80-exec-10] com.star.dao.BlogDao.getBlogTotal        : ==>  Preparing: select count(*) from myblog.t_blog 
2025-09-27 11:13:54.896 DEBUG 21704 --- [http-nio-80-exec-10] com.star.dao.BlogDao.getBlogTotal        : ==> Parameters: 
2025-09-27 11:13:54.896 DEBUG 21704 --- [http-nio-80-exec-10] com.star.dao.BlogDao.getBlogTotal        : <==      Total: 1
2025-09-27 11:13:54.897 DEBUG 21704 --- [http-nio-80-exec-10] com.star.dao.BlogDao.getBlogViewTotal    : ==>  Preparing: select coalesce (sum(views),0) from myblog.t_blog 
2025-09-27 11:13:54.897 DEBUG 21704 --- [http-nio-80-exec-10] com.star.dao.BlogDao.getBlogViewTotal    : ==> Parameters: 
2025-09-27 11:13:54.898 DEBUG 21704 --- [http-nio-80-exec-10] com.star.dao.BlogDao.getBlogViewTotal    : <==      Total: 1
2025-09-27 11:13:54.898 DEBUG 21704 --- [http-nio-80-exec-10] c.star.dao.BlogDao.getBlogCommentTotal   : ==>  Preparing: select count(*) from myblog.t_comment 
2025-09-27 11:13:54.899 DEBUG 21704 --- [http-nio-80-exec-10] c.star.dao.BlogDao.getBlogCommentTotal   : ==> Parameters: 
2025-09-27 11:13:54.901 DEBUG 21704 --- [http-nio-80-exec-10] c.star.dao.BlogDao.getBlogCommentTotal   : <==      Total: 1
2025-09-27 11:13:54.901 DEBUG 21704 --- [http-nio-80-exec-10] c.star.dao.BlogDao.getBlogMessageTotal   : ==>  Preparing: select count(*) from myblog.t_message 
2025-09-27 11:13:54.901 DEBUG 21704 --- [http-nio-80-exec-10] c.star.dao.BlogDao.getBlogMessageTotal   : ==> Parameters: 
2025-09-27 11:13:54.902 DEBUG 21704 --- [http-nio-80-exec-10] c.star.dao.BlogDao.getBlogMessageTotal   : <==      Total: 1
2025-09-27 11:13:54.902  INFO 21704 --- [http-nio-80-exec-10] com.star.aspect.LogAspect                : Result : index :: blogMessage
2025-09-27 11:13:56.025  INFO 21704 --- [http-nio-80-exec-10] com.star.aspect.LogAspect                : Request : {url='http://localhost/footer/newblog', ip='0:0:0:0:0:0:0:1', classMethod='com.star.controller.FooterController.getNewBlogs', args=[]}
2025-09-27 11:13:56.025 DEBUG 21704 --- [http-nio-80-exec-10] com.star.dao.BlogDao.getFirstPageBlog    : ==>  Preparing: select b.id,b.title,b.first_picture, b.views, b.comment_count,b.create_time,b.update_time,b.description,t.name ,u.nickname, u.avatar from myblog.t_blog b, myblog.t_type t,myblog.t_user u where b.type_id = t.id and u.id = b.user_id and b.published = 1 order by b.create_time desc 
2025-09-27 11:13:56.026 DEBUG 21704 --- [http-nio-80-exec-10] com.star.dao.BlogDao.getFirstPageBlog    : ==> Parameters: 
2025-09-27 11:13:56.027 DEBUG 21704 --- [http-nio-80-exec-10] com.star.dao.BlogDao.getFirstPageBlog    : <==      Total: 0
2025-09-27 11:13:56.027  INFO 21704 --- [http-nio-80-exec-10] com.star.aspect.LogAspect                : Result : com.star.response.Response@65707c5
2025-09-27 11:13:56.715  INFO 21704 --- [http-nio-80-exec-2] com.star.aspect.LogAspect                : Request : {url='http://localhost/', ip='0:0:0:0:0:0:0:1', classMethod='com.star.controller.IndexController.index', args=[{}, 1, {}]}
2025-09-27 11:13:56.717 DEBUG 21704 --- [http-nio-80-exec-2] c.s.dao.BlogDao.getFirstPageBlog_COUNT   : ==>  Preparing: SELECT count(0) FROM myblog.t_blog b, myblog.t_type t, myblog.t_user u WHERE b.type_id = t.id AND u.id = b.user_id AND b.published = 1 
2025-09-27 11:13:56.717 DEBUG 21704 --- [http-nio-80-exec-2] c.s.dao.BlogDao.getFirstPageBlog_COUNT   : ==> Parameters: 
2025-09-27 11:13:56.718 DEBUG 21704 --- [http-nio-80-exec-2] c.s.dao.BlogDao.getFirstPageBlog_COUNT   : <==      Total: 1
2025-09-27 11:13:56.719 DEBUG 21704 --- [http-nio-80-exec-2] c.star.dao.BlogDao.getAllRecommendBlog   : ==>  Preparing: SELECT * FROM myblog.t_blog WHERE t_blog.recommend = TRUE ORDER BY t_blog.create_time DESC LIMIT 4 
2025-09-27 11:13:56.719 DEBUG 21704 --- [http-nio-80-exec-2] c.star.dao.BlogDao.getAllRecommendBlog   : ==> Parameters: 
2025-09-27 11:13:56.720 DEBUG 21704 --- [http-nio-80-exec-2] c.star.dao.BlogDao.getAllRecommendBlog   : <==      Total: 2
2025-09-27 11:13:56.721 DEBUG 21704 --- [http-nio-80-exec-2] com.star.dao.BlogDao.getNewComment       : ==>  Preparing: SELECT * FROM myblog.t_comment c, myblog.t_blog b WHERE c.blog_id = b.id ORDER BY c.create_time DESC LIMIT 10 
2025-09-27 11:13:56.721 DEBUG 21704 --- [http-nio-80-exec-2] com.star.dao.BlogDao.getNewComment       : ==> Parameters: 
2025-09-27 11:13:56.722 DEBUG 21704 --- [http-nio-80-exec-2] com.star.dao.BlogDao.getNewComment       : <==      Total: 1
2025-09-27 11:13:56.723  INFO 21704 --- [http-nio-80-exec-2] com.star.aspect.LogAspect                : Result : index
2025-09-27 11:13:56.782  INFO 21704 --- [http-nio-80-exec-9] com.star.aspect.LogAspect                : Request : {url='http://localhost/footer/blogmessage', ip='0:0:0:0:0:0:0:1', classMethod='com.star.controller.IndexController.blogMessage', args=[{}]}
2025-09-27 11:13:56.783 DEBUG 21704 --- [http-nio-80-exec-9] com.star.dao.BlogDao.getBlogTotal        : ==>  Preparing: select count(*) from myblog.t_blog 
2025-09-27 11:13:56.783 DEBUG 21704 --- [http-nio-80-exec-9] com.star.dao.BlogDao.getBlogTotal        : ==> Parameters: 
2025-09-27 11:13:56.784 DEBUG 21704 --- [http-nio-80-exec-9] com.star.dao.BlogDao.getBlogTotal        : <==      Total: 1
2025-09-27 11:13:56.784 DEBUG 21704 --- [http-nio-80-exec-9] com.star.dao.BlogDao.getBlogViewTotal    : ==>  Preparing: select coalesce (sum(views),0) from myblog.t_blog 
2025-09-27 11:13:56.784 DEBUG 21704 --- [http-nio-80-exec-9] com.star.dao.BlogDao.getBlogViewTotal    : ==> Parameters: 
2025-09-27 11:13:56.785 DEBUG 21704 --- [http-nio-80-exec-9] com.star.dao.BlogDao.getBlogViewTotal    : <==      Total: 1
2025-09-27 11:13:56.786 DEBUG 21704 --- [http-nio-80-exec-9] c.star.dao.BlogDao.getBlogCommentTotal   : ==>  Preparing: select count(*) from myblog.t_comment 
2025-09-27 11:13:56.786 DEBUG 21704 --- [http-nio-80-exec-9] c.star.dao.BlogDao.getBlogCommentTotal   : ==> Parameters: 
2025-09-27 11:13:56.787 DEBUG 21704 --- [http-nio-80-exec-9] c.star.dao.BlogDao.getBlogCommentTotal   : <==      Total: 1
2025-09-27 11:13:56.788 DEBUG 21704 --- [http-nio-80-exec-9] c.star.dao.BlogDao.getBlogMessageTotal   : ==>  Preparing: select count(*) from myblog.t_message 
2025-09-27 11:13:56.788 DEBUG 21704 --- [http-nio-80-exec-9] c.star.dao.BlogDao.getBlogMessageTotal   : ==> Parameters: 
2025-09-27 11:13:56.789 DEBUG 21704 --- [http-nio-80-exec-9] c.star.dao.BlogDao.getBlogMessageTotal   : <==      Total: 1
2025-09-27 11:13:56.790  INFO 21704 --- [http-nio-80-exec-9] com.star.aspect.LogAspect                : Result : index :: blogMessage
2025-09-27 11:14:00.689  INFO 21704 --- [http-nio-80-exec-4] com.star.aspect.LogAspect                : Request : {url='http://localhost/', ip='0:0:0:0:0:0:0:1', classMethod='com.star.controller.IndexController.index', args=[{}, 1, {}]}
2025-09-27 11:14:00.691 DEBUG 21704 --- [http-nio-80-exec-4] c.s.dao.BlogDao.getFirstPageBlog_COUNT   : ==>  Preparing: SELECT count(0) FROM myblog.t_blog b, myblog.t_type t, myblog.t_user u WHERE b.type_id = t.id AND u.id = b.user_id AND b.published = 1 
2025-09-27 11:14:00.691 DEBUG 21704 --- [http-nio-80-exec-4] c.s.dao.BlogDao.getFirstPageBlog_COUNT   : ==> Parameters: 
2025-09-27 11:14:00.692 DEBUG 21704 --- [http-nio-80-exec-4] c.s.dao.BlogDao.getFirstPageBlog_COUNT   : <==      Total: 1
2025-09-27 11:14:00.693 DEBUG 21704 --- [http-nio-80-exec-4] c.star.dao.BlogDao.getAllRecommendBlog   : ==>  Preparing: SELECT * FROM myblog.t_blog WHERE t_blog.recommend = TRUE ORDER BY t_blog.create_time DESC LIMIT 4 
2025-09-27 11:14:00.693 DEBUG 21704 --- [http-nio-80-exec-4] c.star.dao.BlogDao.getAllRecommendBlog   : ==> Parameters: 
2025-09-27 11:14:00.694 DEBUG 21704 --- [http-nio-80-exec-4] c.star.dao.BlogDao.getAllRecommendBlog   : <==      Total: 2
2025-09-27 11:14:00.695 DEBUG 21704 --- [http-nio-80-exec-4] com.star.dao.BlogDao.getNewComment       : ==>  Preparing: SELECT * FROM myblog.t_comment c, myblog.t_blog b WHERE c.blog_id = b.id ORDER BY c.create_time DESC LIMIT 10 
2025-09-27 11:14:00.695 DEBUG 21704 --- [http-nio-80-exec-4] com.star.dao.BlogDao.getNewComment       : ==> Parameters: 
2025-09-27 11:14:00.696 DEBUG 21704 --- [http-nio-80-exec-4] com.star.dao.BlogDao.getNewComment       : <==      Total: 1
2025-09-27 11:14:00.697  INFO 21704 --- [http-nio-80-exec-4] com.star.aspect.LogAspect                : Result : index
2025-09-27 11:14:00.757  INFO 21704 --- [http-nio-80-exec-5] com.star.aspect.LogAspect                : Request : {url='http://localhost/footer/blogmessage', ip='0:0:0:0:0:0:0:1', classMethod='com.star.controller.IndexController.blogMessage', args=[{}]}
2025-09-27 11:14:00.758 DEBUG 21704 --- [http-nio-80-exec-5] com.star.dao.BlogDao.getBlogTotal        : ==>  Preparing: select count(*) from myblog.t_blog 
2025-09-27 11:14:00.758 DEBUG 21704 --- [http-nio-80-exec-5] com.star.dao.BlogDao.getBlogTotal        : ==> Parameters: 
2025-09-27 11:14:00.759 DEBUG 21704 --- [http-nio-80-exec-5] com.star.dao.BlogDao.getBlogTotal        : <==      Total: 1
2025-09-27 11:14:00.759 DEBUG 21704 --- [http-nio-80-exec-5] com.star.dao.BlogDao.getBlogViewTotal    : ==>  Preparing: select coalesce (sum(views),0) from myblog.t_blog 
2025-09-27 11:14:00.759 DEBUG 21704 --- [http-nio-80-exec-5] com.star.dao.BlogDao.getBlogViewTotal    : ==> Parameters: 
2025-09-27 11:14:00.760 DEBUG 21704 --- [http-nio-80-exec-5] com.star.dao.BlogDao.getBlogViewTotal    : <==      Total: 1
2025-09-27 11:14:00.760 DEBUG 21704 --- [http-nio-80-exec-5] c.star.dao.BlogDao.getBlogCommentTotal   : ==>  Preparing: select count(*) from myblog.t_comment 
2025-09-27 11:14:00.761 DEBUG 21704 --- [http-nio-80-exec-5] c.star.dao.BlogDao.getBlogCommentTotal   : ==> Parameters: 
2025-09-27 11:14:00.762 DEBUG 21704 --- [http-nio-80-exec-5] c.star.dao.BlogDao.getBlogCommentTotal   : <==      Total: 1
2025-09-27 11:14:00.762 DEBUG 21704 --- [http-nio-80-exec-5] c.star.dao.BlogDao.getBlogMessageTotal   : ==>  Preparing: select count(*) from myblog.t_message 
2025-09-27 11:14:00.763 DEBUG 21704 --- [http-nio-80-exec-5] c.star.dao.BlogDao.getBlogMessageTotal   : ==> Parameters: 
2025-09-27 11:14:00.763 DEBUG 21704 --- [http-nio-80-exec-5] c.star.dao.BlogDao.getBlogMessageTotal   : <==      Total: 1
2025-09-27 11:14:00.764  INFO 21704 --- [http-nio-80-exec-5] com.star.aspect.LogAspect                : Result : index :: blogMessage
2025-09-27 11:14:01.346  INFO 21704 --- [http-nio-80-exec-6] com.star.aspect.LogAspect                : Request : {url='http://localhost/footer/newblog', ip='0:0:0:0:0:0:0:1', classMethod='com.star.controller.FooterController.getNewBlogs', args=[]}
2025-09-27 11:14:01.347 DEBUG 21704 --- [http-nio-80-exec-6] com.star.dao.BlogDao.getFirstPageBlog    : ==>  Preparing: select b.id,b.title,b.first_picture, b.views, b.comment_count,b.create_time,b.update_time,b.description,t.name ,u.nickname, u.avatar from myblog.t_blog b, myblog.t_type t,myblog.t_user u where b.type_id = t.id and u.id = b.user_id and b.published = 1 order by b.create_time desc 
2025-09-27 11:14:01.347 DEBUG 21704 --- [http-nio-80-exec-6] com.star.dao.BlogDao.getFirstPageBlog    : ==> Parameters: 
2025-09-27 11:14:01.348 DEBUG 21704 --- [http-nio-80-exec-6] com.star.dao.BlogDao.getFirstPageBlog    : <==      Total: 0
2025-09-27 11:14:01.348  INFO 21704 --- [http-nio-80-exec-6] com.star.aspect.LogAspect                : Result : com.star.response.Response@524d8e0b
2025-09-27 11:16:46.556  INFO 21704 --- [SpringContextShutdownHook] o.s.s.concurrent.ThreadPoolTaskExecutor  : Shutting down ExecutorService 'applicationTaskExecutor'
2025-09-27 11:16:46.558  INFO 21704 --- [SpringContextShutdownHook] com.zaxxer.hikari.HikariDataSource       : HikariPool-1 - Shutdown initiated...
2025-09-27 11:16:46.564  INFO 21704 --- [SpringContextShutdownHook] com.zaxxer.hikari.HikariDataSource       : HikariPool-1 - Shutdown completed.
2025-09-27 11:16:49.342  INFO 22356 --- [restartedMain] com.star.MyblogApplication               : Starting MyblogApplication on DESKTOP-ARREJ2C with PID 22356 (started by tear in D:\Wj_WUWorkProject\星光博客myblog)
2025-09-27 11:16:49.343 DEBUG 22356 --- [restartedMain] com.star.MyblogApplication               : Running with Spring Boot v2.2.5.RELEASE, Spring v5.2.4.RELEASE
2025-09-27 11:16:49.344  INFO 22356 --- [restartedMain] com.star.MyblogApplication               : No active profile set, falling back to default profiles: default
2025-09-27 11:16:49.379  INFO 22356 --- [restartedMain] .e.DevToolsPropertyDefaultsPostProcessor : Devtools property defaults active! Set 'spring.devtools.add-properties' to 'false' to disable
2025-09-27 11:16:49.379  INFO 22356 --- [restartedMain] .e.DevToolsPropertyDefaultsPostProcessor : For additional web related logging consider setting the 'logging.level.web' property to 'DEBUG'
2025-09-27 11:16:49.885  INFO 22356 --- [restartedMain] .s.d.r.c.RepositoryConfigurationDelegate : Multiple Spring Data modules found, entering strict repository configuration mode!
2025-09-27 11:16:49.887  INFO 22356 --- [restartedMain] .s.d.r.c.RepositoryConfigurationDelegate : Bootstrapping Spring Data Redis repositories in DEFAULT mode.
2025-09-27 11:16:49.908  INFO 22356 --- [restartedMain] .s.d.r.c.RepositoryConfigurationDelegate : Finished Spring Data repository scanning in 11ms. Found 0 Redis repository interfaces.
2025-09-27 11:16:50.318  INFO 22356 --- [restartedMain] trationDelegate$BeanPostProcessorChecker : Bean 'redisConfig' of type [com.star.config.RedisConfig$$EnhancerBySpringCGLIB$$9b233c36] is not eligible for getting processed by all BeanPostProcessors (for example: not eligible for auto-proxying)
2025-09-27 11:16:50.566  INFO 22356 --- [restartedMain] o.s.b.w.embedded.tomcat.TomcatWebServer  : Tomcat initialized with port(s): 80 (http)
2025-09-27 11:16:50.574  INFO 22356 --- [restartedMain] o.apache.catalina.core.StandardService   : Starting service [Tomcat]
2025-09-27 11:16:50.575  INFO 22356 --- [restartedMain] org.apache.catalina.core.StandardEngine  : Starting Servlet engine: [Apache Tomcat/9.0.31]
2025-09-27 11:16:50.629  INFO 22356 --- [restartedMain] o.a.c.c.C.[Tomcat].[localhost].[/]       : Initializing Spring embedded WebApplicationContext
2025-09-27 11:16:50.630  INFO 22356 --- [restartedMain] o.s.web.context.ContextLoader            : Root WebApplicationContext: initialization completed in 1251 ms
2025-09-27 11:16:51.521  INFO 22356 --- [restartedMain] o.s.s.concurrent.ThreadPoolTaskExecutor  : Initializing ExecutorService 'applicationTaskExecutor'
2025-09-27 11:16:51.606  INFO 22356 --- [restartedMain] o.s.b.a.w.s.WelcomePageHandlerMapping    : Adding welcome page template: index
2025-09-27 11:16:52.016  INFO 22356 --- [restartedMain] o.s.b.d.a.OptionalLiveReloadServer       : LiveReload server is running on port 35729
2025-09-27 11:16:52.068  INFO 22356 --- [restartedMain] o.s.b.w.embedded.tomcat.TomcatWebServer  : Tomcat started on port(s): 80 (http) with context path ''
2025-09-27 11:16:52.070  INFO 22356 --- [restartedMain] com.star.MyblogApplication               : Started MyblogApplication in 2.996 seconds (JVM running for 3.528)
2025-09-27 11:17:44.087  INFO 22356 --- [http-nio-80-exec-1] o.a.c.c.C.[Tomcat].[localhost].[/]       : Initializing Spring DispatcherServlet 'dispatcherServlet'
2025-09-27 11:17:44.087  INFO 22356 --- [http-nio-80-exec-1] o.s.web.servlet.DispatcherServlet        : Initializing Servlet 'dispatcherServlet'
2025-09-27 11:17:44.094  INFO 22356 --- [http-nio-80-exec-1] o.s.web.servlet.DispatcherServlet        : Completed initialization in 7 ms
2025-09-27 11:17:44.120  INFO 22356 --- [http-nio-80-exec-1] com.star.aspect.LogAspect                : Request : {url='http://localhost/', ip='0:0:0:0:0:0:0:1', classMethod='com.star.controller.IndexController.index', args=[{}, 1, {}]}
2025-09-27 11:17:44.135  INFO 22356 --- [http-nio-80-exec-1] com.zaxxer.hikari.HikariDataSource       : HikariPool-1 - Starting...
2025-09-27 11:17:44.236  INFO 22356 --- [http-nio-80-exec-1] com.zaxxer.hikari.HikariDataSource       : HikariPool-1 - Start completed.
2025-09-27 11:17:44.273 DEBUG 22356 --- [http-nio-80-exec-1] c.s.dao.BlogDao.getFirstPageBlog_COUNT   : ==>  Preparing: SELECT count(0) FROM myblog.t_blog b, myblog.t_type t, myblog.t_user u WHERE b.type_id = t.id AND u.id = b.user_id AND b.published = 1 
2025-09-27 11:17:44.292 DEBUG 22356 --- [http-nio-80-exec-1] c.s.dao.BlogDao.getFirstPageBlog_COUNT   : ==> Parameters: 
2025-09-27 11:17:44.313 DEBUG 22356 --- [http-nio-80-exec-1] c.s.dao.BlogDao.getFirstPageBlog_COUNT   : <==      Total: 1
2025-09-27 11:17:44.316 DEBUG 22356 --- [http-nio-80-exec-1] c.star.dao.BlogDao.getAllRecommendBlog   : ==>  Preparing: SELECT * FROM myblog.t_blog WHERE t_blog.recommend = TRUE ORDER BY t_blog.create_time DESC LIMIT 4 
2025-09-27 11:17:44.316 DEBUG 22356 --- [http-nio-80-exec-1] c.star.dao.BlogDao.getAllRecommendBlog   : ==> Parameters: 
2025-09-27 11:17:44.321 DEBUG 22356 --- [http-nio-80-exec-1] c.star.dao.BlogDao.getAllRecommendBlog   : <==      Total: 2
2025-09-27 11:17:44.322 DEBUG 22356 --- [http-nio-80-exec-1] com.star.dao.BlogDao.getNewComment       : ==>  Preparing: SELECT * FROM myblog.t_comment c, myblog.t_blog b WHERE c.blog_id = b.id ORDER BY c.create_time DESC LIMIT 10 
2025-09-27 11:17:44.322 DEBUG 22356 --- [http-nio-80-exec-1] com.star.dao.BlogDao.getNewComment       : ==> Parameters: 
2025-09-27 11:17:44.324 DEBUG 22356 --- [http-nio-80-exec-1] com.star.dao.BlogDao.getNewComment       : <==      Total: 1
2025-09-27 11:17:44.326  INFO 22356 --- [http-nio-80-exec-1] com.star.aspect.LogAspect                : Result : index
2025-09-27 11:17:44.634  INFO 22356 --- [http-nio-80-exec-2] com.star.aspect.LogAspect                : Request : {url='http://localhost/footer/blogmessage', ip='0:0:0:0:0:0:0:1', classMethod='com.star.controller.IndexController.blogMessage', args=[{}]}
2025-09-27 11:17:44.635 DEBUG 22356 --- [http-nio-80-exec-2] com.star.dao.BlogDao.getBlogTotal        : ==>  Preparing: select count(*) from myblog.t_blog 
2025-09-27 11:17:44.635 DEBUG 22356 --- [http-nio-80-exec-2] com.star.dao.BlogDao.getBlogTotal        : ==> Parameters: 
2025-09-27 11:17:44.637 DEBUG 22356 --- [http-nio-80-exec-2] com.star.dao.BlogDao.getBlogTotal        : <==      Total: 1
2025-09-27 11:17:44.638 DEBUG 22356 --- [http-nio-80-exec-2] com.star.dao.BlogDao.getBlogViewTotal    : ==>  Preparing: select coalesce (sum(views),0) from myblog.t_blog 
2025-09-27 11:17:44.638 DEBUG 22356 --- [http-nio-80-exec-2] com.star.dao.BlogDao.getBlogViewTotal    : ==> Parameters: 
2025-09-27 11:17:44.639 DEBUG 22356 --- [http-nio-80-exec-2] com.star.dao.BlogDao.getBlogViewTotal    : <==      Total: 1
2025-09-27 11:17:44.639 DEBUG 22356 --- [http-nio-80-exec-2] c.star.dao.BlogDao.getBlogCommentTotal   : ==>  Preparing: select count(*) from myblog.t_comment 
2025-09-27 11:17:44.639 DEBUG 22356 --- [http-nio-80-exec-2] c.star.dao.BlogDao.getBlogCommentTotal   : ==> Parameters: 
2025-09-27 11:17:44.641 DEBUG 22356 --- [http-nio-80-exec-2] c.star.dao.BlogDao.getBlogCommentTotal   : <==      Total: 1
2025-09-27 11:17:44.641 DEBUG 22356 --- [http-nio-80-exec-2] c.star.dao.BlogDao.getBlogMessageTotal   : ==>  Preparing: select count(*) from myblog.t_message 
2025-09-27 11:17:44.641 DEBUG 22356 --- [http-nio-80-exec-2] c.star.dao.BlogDao.getBlogMessageTotal   : ==> Parameters: 
2025-09-27 11:17:44.642 DEBUG 22356 --- [http-nio-80-exec-2] c.star.dao.BlogDao.getBlogMessageTotal   : <==      Total: 1
2025-09-27 11:17:44.642  INFO 22356 --- [http-nio-80-exec-2] com.star.aspect.LogAspect                : Result : index :: blogMessage
2025-09-27 11:17:49.817  INFO 22356 --- [http-nio-80-exec-8] com.star.aspect.LogAspect                : Request : {url='http://localhost/public_files', ip='0:0:0:0:0:0:0:1', classMethod='com.star.controller.PublicFilesController.publicFiles', args=[]}
2025-09-27 11:17:49.820  INFO 22356 --- [http-nio-80-exec-8] com.star.aspect.LogAspect                : Result : public_files
2025-09-27 11:18:00.027  INFO 22356 --- [http-nio-80-exec-1] com.star.aspect.LogAspect                : Request : {url='http://localhost/public_files', ip='0:0:0:0:0:0:0:1', classMethod='com.star.controller.PublicFilesController.publicFiles', args=[]}
2025-09-27 11:18:00.028  INFO 22356 --- [http-nio-80-exec-1] com.star.aspect.LogAspect                : Result : public_files
2025-09-27 11:22:04.756  INFO 22356 --- [http-nio-80-exec-4] com.star.aspect.LogAspect                : Request : {url='http://localhost/public_files', ip='0:0:0:0:0:0:0:1', classMethod='com.star.controller.PublicFilesController.publicFiles', args=[]}
2025-09-27 11:22:04.756  INFO 22356 --- [http-nio-80-exec-4] com.star.aspect.LogAspect                : Result : public_files
2025-09-27 11:22:09.005  INFO 22356 --- [SpringContextShutdownHook] o.s.s.concurrent.ThreadPoolTaskExecutor  : Shutting down ExecutorService 'applicationTaskExecutor'
2025-09-27 11:22:09.006  INFO 22356 --- [SpringContextShutdownHook] com.zaxxer.hikari.HikariDataSource       : HikariPool-1 - Shutdown initiated...
2025-09-27 11:22:09.013  INFO 22356 --- [SpringContextShutdownHook] com.zaxxer.hikari.HikariDataSource       : HikariPool-1 - Shutdown completed.
2025-09-27 11:22:11.368  INFO 14416 --- [restartedMain] com.star.MyblogApplication               : Starting MyblogApplication on DESKTOP-ARREJ2C with PID 14416 (started by tear in D:\Wj_WUWorkProject\星光博客myblog)
2025-09-27 11:22:11.369 DEBUG 14416 --- [restartedMain] com.star.MyblogApplication               : Running with Spring Boot v2.2.5.RELEASE, Spring v5.2.4.RELEASE
2025-09-27 11:22:11.370  INFO 14416 --- [restartedMain] com.star.MyblogApplication               : No active profile set, falling back to default profiles: default
2025-09-27 11:22:11.403  INFO 14416 --- [restartedMain] .e.DevToolsPropertyDefaultsPostProcessor : Devtools property defaults active! Set 'spring.devtools.add-properties' to 'false' to disable
2025-09-27 11:22:11.404  INFO 14416 --- [restartedMain] .e.DevToolsPropertyDefaultsPostProcessor : For additional web related logging consider setting the 'logging.level.web' property to 'DEBUG'
2025-09-27 11:22:11.900  INFO 14416 --- [restartedMain] .s.d.r.c.RepositoryConfigurationDelegate : Multiple Spring Data modules found, entering strict repository configuration mode!
2025-09-27 11:22:11.902  INFO 14416 --- [restartedMain] .s.d.r.c.RepositoryConfigurationDelegate : Bootstrapping Spring Data Redis repositories in DEFAULT mode.
2025-09-27 11:22:11.924  INFO 14416 --- [restartedMain] .s.d.r.c.RepositoryConfigurationDelegate : Finished Spring Data repository scanning in 12ms. Found 0 Redis repository interfaces.
2025-09-27 11:22:12.345  INFO 14416 --- [restartedMain] trationDelegate$BeanPostProcessorChecker : Bean 'redisConfig' of type [com.star.config.RedisConfig$$EnhancerBySpringCGLIB$$a0db6d5b] is not eligible for getting processed by all BeanPostProcessors (for example: not eligible for auto-proxying)
2025-09-27 11:22:12.587  INFO 14416 --- [restartedMain] o.s.b.w.embedded.tomcat.TomcatWebServer  : Tomcat initialized with port(s): 80 (http)
2025-09-27 11:22:12.597  INFO 14416 --- [restartedMain] o.apache.catalina.core.StandardService   : Starting service [Tomcat]
2025-09-27 11:22:12.597  INFO 14416 --- [restartedMain] org.apache.catalina.core.StandardEngine  : Starting Servlet engine: [Apache Tomcat/9.0.31]
2025-09-27 11:22:12.653  INFO 14416 --- [restartedMain] o.a.c.c.C.[Tomcat].[localhost].[/]       : Initializing Spring embedded WebApplicationContext
2025-09-27 11:22:12.653  INFO 14416 --- [restartedMain] o.s.web.context.ContextLoader            : Root WebApplicationContext: initialization completed in 1249 ms
2025-09-27 11:22:13.578  INFO 14416 --- [restartedMain] o.s.s.concurrent.ThreadPoolTaskExecutor  : Initializing ExecutorService 'applicationTaskExecutor'
2025-09-27 11:22:13.673  INFO 14416 --- [restartedMain] o.s.b.a.w.s.WelcomePageHandlerMapping    : Adding welcome page template: index
2025-09-27 11:22:14.169  INFO 14416 --- [restartedMain] o.s.b.d.a.OptionalLiveReloadServer       : LiveReload server is running on port 35729
2025-09-27 11:22:14.231  INFO 14416 --- [restartedMain] o.s.b.w.embedded.tomcat.TomcatWebServer  : Tomcat started on port(s): 80 (http) with context path ''
2025-09-27 11:22:14.233  INFO 14416 --- [restartedMain] com.star.MyblogApplication               : Started MyblogApplication in 3.145 seconds (JVM running for 3.672)
2025-09-27 11:22:14.325  INFO 14416 --- [http-nio-80-exec-1] o.a.c.c.C.[Tomcat].[localhost].[/]       : Initializing Spring DispatcherServlet 'dispatcherServlet'
2025-09-27 11:22:14.325  INFO 14416 --- [http-nio-80-exec-1] o.s.web.servlet.DispatcherServlet        : Initializing Servlet 'dispatcherServlet'
2025-09-27 11:22:14.333  INFO 14416 --- [http-nio-80-exec-1] o.s.web.servlet.DispatcherServlet        : Completed initialization in 8 ms
2025-09-27 11:22:14.351  INFO 14416 --- [http-nio-80-exec-1] com.star.aspect.LogAspect                : Request : {url='http://localhost/public_files', ip='0:0:0:0:0:0:0:1', classMethod='com.star.controller.PublicFilesController.publicFiles', args=[]}
2025-09-27 11:22:14.362  INFO 14416 --- [http-nio-80-exec-1] com.star.aspect.LogAspect                : Result : public_files
2025-09-27 11:22:14.596  INFO 14416 --- [http-nio-80-exec-8] com.star.aspect.LogAspect                : Request : {url='http://localhost/api/files/public/statistics', ip='127.0.0.1', classMethod='com.star.controller.FileDownloadController.getPublicStatistics', args=[]}
2025-09-27 11:22:14.604  INFO 14416 --- [http-nio-80-exec-9] com.star.aspect.LogAspect                : Request : {url='http://localhost/api/files/public/list', ip='0:0:0:0:0:0:0:1', classMethod='com.star.controller.FileDownloadController.getPublicFileList', args=[, 1, 12]}
2025-09-27 11:22:14.620  INFO 14416 --- [http-nio-80-exec-9] com.zaxxer.hikari.HikariDataSource       : HikariPool-1 - Starting...
2025-09-27 11:22:14.719  INFO 14416 --- [http-nio-80-exec-9] com.zaxxer.hikari.HikariDataSource       : HikariPool-1 - Start completed.
2025-09-27 11:22:14.726 DEBUG 14416 --- [http-nio-80-exec-8] c.s.dao.FileUploadDao.listFileUploads    : ==>  Preparing: SELECT * FROM t_file_upload WHERE is_deleted = 0 ORDER BY upload_time DESC 
2025-09-27 11:22:14.726 DEBUG 14416 --- [http-nio-80-exec-9] c.s.d.F.listFileUploadsWithPage          : ==>  Preparing: SELECT * FROM t_file_upload WHERE is_deleted = 0 ORDER BY upload_time DESC LIMIT ?, ? 
2025-09-27 11:22:14.747 DEBUG 14416 --- [http-nio-80-exec-8] c.s.dao.FileUploadDao.listFileUploads    : ==> Parameters: 
2025-09-27 11:22:14.749 DEBUG 14416 --- [http-nio-80-exec-9] c.s.d.F.listFileUploadsWithPage          : ==> Parameters: 0(Integer), 12(Integer)
2025-09-27 11:22:14.770 DEBUG 14416 --- [http-nio-80-exec-8] c.s.dao.FileUploadDao.listFileUploads    : <==      Total: 5
2025-09-27 11:22:14.770 DEBUG 14416 --- [http-nio-80-exec-9] c.s.d.F.listFileUploadsWithPage          : <==      Total: 5
2025-09-27 11:22:14.775  INFO 14416 --- [http-nio-80-exec-9] com.star.aspect.LogAspect                : Result : com.star.response.Response@47f42148
2025-09-27 11:22:14.775  INFO 14416 --- [http-nio-80-exec-8] com.star.aspect.LogAspect                : Result : com.star.response.Response@37361dbc
2025-09-27 11:22:15.665  INFO 14416 --- [http-nio-80-exec-10] com.star.aspect.LogAspect                : Request : {url='http://localhost/public_files', ip='0:0:0:0:0:0:0:1', classMethod='com.star.controller.PublicFilesController.publicFiles', args=[]}
2025-09-27 11:22:15.666  INFO 14416 --- [http-nio-80-exec-10] com.star.aspect.LogAspect                : Result : public_files
2025-09-27 11:22:15.728  INFO 14416 --- [http-nio-80-exec-6] com.star.aspect.LogAspect                : Request : {url='http://localhost/api/files/public/statistics', ip='0:0:0:0:0:0:0:1', classMethod='com.star.controller.FileDownloadController.getPublicStatistics', args=[]}
2025-09-27 11:22:15.728  INFO 14416 --- [http-nio-80-exec-7] com.star.aspect.LogAspect                : Request : {url='http://localhost/api/files/public/list', ip='0:0:0:0:0:0:0:1', classMethod='com.star.controller.FileDownloadController.getPublicFileList', args=[, 1, 12]}
2025-09-27 11:22:15.729 DEBUG 14416 --- [http-nio-80-exec-6] c.s.dao.FileUploadDao.listFileUploads    : ==>  Preparing: SELECT * FROM t_file_upload WHERE is_deleted = 0 ORDER BY upload_time DESC 
2025-09-27 11:22:15.729 DEBUG 14416 --- [http-nio-80-exec-6] c.s.dao.FileUploadDao.listFileUploads    : ==> Parameters: 
2025-09-27 11:22:15.729 DEBUG 14416 --- [http-nio-80-exec-7] c.s.d.F.listFileUploadsWithPage          : ==>  Preparing: SELECT * FROM t_file_upload WHERE is_deleted = 0 ORDER BY upload_time DESC LIMIT ?, ? 
2025-09-27 11:22:15.730 DEBUG 14416 --- [http-nio-80-exec-7] c.s.d.F.listFileUploadsWithPage          : ==> Parameters: 0(Integer), 12(Integer)
2025-09-27 11:22:15.732 DEBUG 14416 --- [http-nio-80-exec-6] c.s.dao.FileUploadDao.listFileUploads    : <==      Total: 5
2025-09-27 11:22:15.732 DEBUG 14416 --- [http-nio-80-exec-7] c.s.d.F.listFileUploadsWithPage          : <==      Total: 5
2025-09-27 11:22:15.732  INFO 14416 --- [http-nio-80-exec-7] com.star.aspect.LogAspect                : Result : com.star.response.Response@1531f74
2025-09-27 11:22:15.732  INFO 14416 --- [http-nio-80-exec-6] com.star.aspect.LogAspect                : Result : com.star.response.Response@15a55833
2025-09-27 11:22:18.461  INFO 14416 --- [http-nio-80-exec-3] com.star.aspect.LogAspect                : Request : {url='http://localhost/public_files', ip='0:0:0:0:0:0:0:1', classMethod='com.star.controller.PublicFilesController.publicFiles', args=[]}
2025-09-27 11:22:18.461  INFO 14416 --- [http-nio-80-exec-3] com.star.aspect.LogAspect                : Result : public_files
2025-09-27 11:22:18.597  INFO 14416 --- [http-nio-80-exec-8] com.star.aspect.LogAspect                : Request : {url='http://localhost/api/files/public/statistics', ip='127.0.0.1', classMethod='com.star.controller.FileDownloadController.getPublicStatistics', args=[]}
2025-09-27 11:22:18.597 DEBUG 14416 --- [http-nio-80-exec-8] c.s.dao.FileUploadDao.listFileUploads    : ==>  Preparing: SELECT * FROM t_file_upload WHERE is_deleted = 0 ORDER BY upload_time DESC 
2025-09-27 11:22:18.598 DEBUG 14416 --- [http-nio-80-exec-8] c.s.dao.FileUploadDao.listFileUploads    : ==> Parameters: 
2025-09-27 11:22:18.598  INFO 14416 --- [http-nio-80-exec-10] com.star.aspect.LogAspect                : Request : {url='http://localhost/api/files/public/list', ip='127.0.0.1', classMethod='com.star.controller.FileDownloadController.getPublicFileList', args=[, 1, 12]}
2025-09-27 11:22:18.599 DEBUG 14416 --- [http-nio-80-exec-10] c.s.d.F.listFileUploadsWithPage          : ==>  Preparing: SELECT * FROM t_file_upload WHERE is_deleted = 0 ORDER BY upload_time DESC LIMIT ?, ? 
2025-09-27 11:22:18.599 DEBUG 14416 --- [http-nio-80-exec-10] c.s.d.F.listFileUploadsWithPage          : ==> Parameters: 0(Integer), 12(Integer)
2025-09-27 11:22:18.600 DEBUG 14416 --- [http-nio-80-exec-8] c.s.dao.FileUploadDao.listFileUploads    : <==      Total: 5
2025-09-27 11:22:18.601  INFO 14416 --- [http-nio-80-exec-8] com.star.aspect.LogAspect                : Result : com.star.response.Response@79ad540c
2025-09-27 11:22:18.601 DEBUG 14416 --- [http-nio-80-exec-10] c.s.d.F.listFileUploadsWithPage          : <==      Total: 5
2025-09-27 11:22:18.601  INFO 14416 --- [http-nio-80-exec-10] com.star.aspect.LogAspect                : Result : com.star.response.Response@1457caf
2025-09-27 11:22:26.600  INFO 14416 --- [http-nio-80-exec-3] com.star.aspect.LogAspect                : Request : {url='http://localhost/', ip='127.0.0.1', classMethod='com.star.controller.IndexController.index', args=[{}, 1, {}]}
2025-09-27 11:22:26.632 DEBUG 14416 --- [http-nio-80-exec-3] c.s.dao.BlogDao.getFirstPageBlog_COUNT   : ==>  Preparing: SELECT count(0) FROM myblog.t_blog b, myblog.t_type t, myblog.t_user u WHERE b.type_id = t.id AND u.id = b.user_id AND b.published = 1 
2025-09-27 11:22:26.632 DEBUG 14416 --- [http-nio-80-exec-3] c.s.dao.BlogDao.getFirstPageBlog_COUNT   : ==> Parameters: 
2025-09-27 11:22:26.636 DEBUG 14416 --- [http-nio-80-exec-3] c.s.dao.BlogDao.getFirstPageBlog_COUNT   : <==      Total: 1
2025-09-27 11:22:26.638 DEBUG 14416 --- [http-nio-80-exec-3] c.star.dao.BlogDao.getAllRecommendBlog   : ==>  Preparing: SELECT * FROM myblog.t_blog WHERE t_blog.recommend = TRUE ORDER BY t_blog.create_time DESC LIMIT 4 
2025-09-27 11:22:26.638 DEBUG 14416 --- [http-nio-80-exec-3] c.star.dao.BlogDao.getAllRecommendBlog   : ==> Parameters: 
2025-09-27 11:22:26.641 DEBUG 14416 --- [http-nio-80-exec-3] c.star.dao.BlogDao.getAllRecommendBlog   : <==      Total: 2
2025-09-27 11:22:26.643 DEBUG 14416 --- [http-nio-80-exec-3] com.star.dao.BlogDao.getNewComment       : ==>  Preparing: SELECT * FROM myblog.t_comment c, myblog.t_blog b WHERE c.blog_id = b.id ORDER BY c.create_time DESC LIMIT 10 
2025-09-27 11:22:26.644 DEBUG 14416 --- [http-nio-80-exec-3] com.star.dao.BlogDao.getNewComment       : ==> Parameters: 
2025-09-27 11:22:26.645 DEBUG 14416 --- [http-nio-80-exec-3] com.star.dao.BlogDao.getNewComment       : <==      Total: 1
2025-09-27 11:22:26.646  INFO 14416 --- [http-nio-80-exec-3] com.star.aspect.LogAspect                : Result : index
2025-09-27 11:22:26.768  INFO 14416 --- [http-nio-80-exec-6] com.star.aspect.LogAspect                : Request : {url='http://localhost/footer/blogmessage', ip='0:0:0:0:0:0:0:1', classMethod='com.star.controller.IndexController.blogMessage', args=[{}]}
2025-09-27 11:22:26.768 DEBUG 14416 --- [http-nio-80-exec-6] com.star.dao.BlogDao.getBlogTotal        : ==>  Preparing: select count(*) from myblog.t_blog 
2025-09-27 11:22:26.769 DEBUG 14416 --- [http-nio-80-exec-6] com.star.dao.BlogDao.getBlogTotal        : ==> Parameters: 
2025-09-27 11:22:26.770 DEBUG 14416 --- [http-nio-80-exec-6] com.star.dao.BlogDao.getBlogTotal        : <==      Total: 1
2025-09-27 11:22:26.771 DEBUG 14416 --- [http-nio-80-exec-6] com.star.dao.BlogDao.getBlogViewTotal    : ==>  Preparing: select coalesce (sum(views),0) from myblog.t_blog 
2025-09-27 11:22:26.771 DEBUG 14416 --- [http-nio-80-exec-6] com.star.dao.BlogDao.getBlogViewTotal    : ==> Parameters: 
2025-09-27 11:22:26.772 DEBUG 14416 --- [http-nio-80-exec-6] com.star.dao.BlogDao.getBlogViewTotal    : <==      Total: 1
2025-09-27 11:22:26.773 DEBUG 14416 --- [http-nio-80-exec-6] c.star.dao.BlogDao.getBlogCommentTotal   : ==>  Preparing: select count(*) from myblog.t_comment 
2025-09-27 11:22:26.773 DEBUG 14416 --- [http-nio-80-exec-6] c.star.dao.BlogDao.getBlogCommentTotal   : ==> Parameters: 
2025-09-27 11:22:26.775 DEBUG 14416 --- [http-nio-80-exec-6] c.star.dao.BlogDao.getBlogCommentTotal   : <==      Total: 1
2025-09-27 11:22:26.775 DEBUG 14416 --- [http-nio-80-exec-6] c.star.dao.BlogDao.getBlogMessageTotal   : ==>  Preparing: select count(*) from myblog.t_message 
2025-09-27 11:22:26.776 DEBUG 14416 --- [http-nio-80-exec-6] c.star.dao.BlogDao.getBlogMessageTotal   : ==> Parameters: 
2025-09-27 11:22:26.778 DEBUG 14416 --- [http-nio-80-exec-6] c.star.dao.BlogDao.getBlogMessageTotal   : <==      Total: 1
2025-09-27 11:22:26.778  INFO 14416 --- [http-nio-80-exec-6] com.star.aspect.LogAspect                : Result : index :: blogMessage
2025-09-27 11:22:28.926  INFO 14416 --- [http-nio-80-exec-10] com.star.aspect.LogAspect                : Request : {url='http://localhost/public_files', ip='0:0:0:0:0:0:0:1', classMethod='com.star.controller.PublicFilesController.publicFiles', args=[]}
2025-09-27 11:22:28.926  INFO 14416 --- [http-nio-80-exec-10] com.star.aspect.LogAspect                : Result : public_files
2025-09-27 11:22:28.991  INFO 14416 --- [http-nio-80-exec-9] com.star.aspect.LogAspect                : Request : {url='http://localhost/api/files/public/statistics', ip='0:0:0:0:0:0:0:1', classMethod='com.star.controller.FileDownloadController.getPublicStatistics', args=[]}
2025-09-27 11:22:28.992 DEBUG 14416 --- [http-nio-80-exec-9] c.s.dao.FileUploadDao.listFileUploads    : ==>  Preparing: SELECT * FROM t_file_upload WHERE is_deleted = 0 ORDER BY upload_time DESC 
2025-09-27 11:22:28.993 DEBUG 14416 --- [http-nio-80-exec-9] c.s.dao.FileUploadDao.listFileUploads    : ==> Parameters: 
2025-09-27 11:22:28.994  INFO 14416 --- [http-nio-80-exec-6] com.star.aspect.LogAspect                : Request : {url='http://localhost/api/files/public/list', ip='0:0:0:0:0:0:0:1', classMethod='com.star.controller.FileDownloadController.getPublicFileList', args=[, 1, 12]}
2025-09-27 11:22:28.994 DEBUG 14416 --- [http-nio-80-exec-6] c.s.d.F.listFileUploadsWithPage          : ==>  Preparing: SELECT * FROM t_file_upload WHERE is_deleted = 0 ORDER BY upload_time DESC LIMIT ?, ? 
2025-09-27 11:22:28.995 DEBUG 14416 --- [http-nio-80-exec-6] c.s.d.F.listFileUploadsWithPage          : ==> Parameters: 0(Integer), 12(Integer)
2025-09-27 11:22:28.997 DEBUG 14416 --- [http-nio-80-exec-9] c.s.dao.FileUploadDao.listFileUploads    : <==      Total: 5
2025-09-27 11:22:28.997  INFO 14416 --- [http-nio-80-exec-9] com.star.aspect.LogAspect                : Result : com.star.response.Response@171d2a0a
2025-09-27 11:22:28.999 DEBUG 14416 --- [http-nio-80-exec-6] c.s.d.F.listFileUploadsWithPage          : <==      Total: 5
2025-09-27 11:22:28.999  INFO 14416 --- [http-nio-80-exec-6] com.star.aspect.LogAspect                : Result : com.star.response.Response@4de09ad3
2025-09-27 11:22:30.501  INFO 14416 --- [http-nio-80-exec-7] com.star.aspect.LogAspect                : Request : {url='http://localhost/', ip='0:0:0:0:0:0:0:1', classMethod='com.star.controller.IndexController.index', args=[{}, 1, {}]}
2025-09-27 11:22:30.503 DEBUG 14416 --- [http-nio-80-exec-7] c.s.dao.BlogDao.getFirstPageBlog_COUNT   : ==>  Preparing: SELECT count(0) FROM myblog.t_blog b, myblog.t_type t, myblog.t_user u WHERE b.type_id = t.id AND u.id = b.user_id AND b.published = 1 
2025-09-27 11:22:30.503 DEBUG 14416 --- [http-nio-80-exec-7] c.s.dao.BlogDao.getFirstPageBlog_COUNT   : ==> Parameters: 
2025-09-27 11:22:30.505 DEBUG 14416 --- [http-nio-80-exec-7] c.s.dao.BlogDao.getFirstPageBlog_COUNT   : <==      Total: 1
2025-09-27 11:22:30.505 DEBUG 14416 --- [http-nio-80-exec-7] c.star.dao.BlogDao.getAllRecommendBlog   : ==>  Preparing: SELECT * FROM myblog.t_blog WHERE t_blog.recommend = TRUE ORDER BY t_blog.create_time DESC LIMIT 4 
2025-09-27 11:22:30.505 DEBUG 14416 --- [http-nio-80-exec-7] c.star.dao.BlogDao.getAllRecommendBlog   : ==> Parameters: 
2025-09-27 11:22:30.507 DEBUG 14416 --- [http-nio-80-exec-7] c.star.dao.BlogDao.getAllRecommendBlog   : <==      Total: 2
2025-09-27 11:22:30.507 DEBUG 14416 --- [http-nio-80-exec-7] com.star.dao.BlogDao.getNewComment       : ==>  Preparing: SELECT * FROM myblog.t_comment c, myblog.t_blog b WHERE c.blog_id = b.id ORDER BY c.create_time DESC LIMIT 10 
2025-09-27 11:22:30.507 DEBUG 14416 --- [http-nio-80-exec-7] com.star.dao.BlogDao.getNewComment       : ==> Parameters: 
2025-09-27 11:22:30.509 DEBUG 14416 --- [http-nio-80-exec-7] com.star.dao.BlogDao.getNewComment       : <==      Total: 1
2025-09-27 11:22:30.509  INFO 14416 --- [http-nio-80-exec-7] com.star.aspect.LogAspect                : Result : index
2025-09-27 11:22:30.577  INFO 14416 --- [http-nio-80-exec-5] com.star.aspect.LogAspect                : Request : {url='http://localhost/footer/blogmessage', ip='127.0.0.1', classMethod='com.star.controller.IndexController.blogMessage', args=[{}]}
2025-09-27 11:22:30.578 DEBUG 14416 --- [http-nio-80-exec-5] com.star.dao.BlogDao.getBlogTotal        : ==>  Preparing: select count(*) from myblog.t_blog 
2025-09-27 11:22:30.578 DEBUG 14416 --- [http-nio-80-exec-5] com.star.dao.BlogDao.getBlogTotal        : ==> Parameters: 
2025-09-27 11:22:30.579 DEBUG 14416 --- [http-nio-80-exec-5] com.star.dao.BlogDao.getBlogTotal        : <==      Total: 1
2025-09-27 11:22:30.580 DEBUG 14416 --- [http-nio-80-exec-5] com.star.dao.BlogDao.getBlogViewTotal    : ==>  Preparing: select coalesce (sum(views),0) from myblog.t_blog 
2025-09-27 11:22:30.580 DEBUG 14416 --- [http-nio-80-exec-5] com.star.dao.BlogDao.getBlogViewTotal    : ==> Parameters: 
2025-09-27 11:22:30.581 DEBUG 14416 --- [http-nio-80-exec-5] com.star.dao.BlogDao.getBlogViewTotal    : <==      Total: 1
2025-09-27 11:22:30.581 DEBUG 14416 --- [http-nio-80-exec-5] c.star.dao.BlogDao.getBlogCommentTotal   : ==>  Preparing: select count(*) from myblog.t_comment 
2025-09-27 11:22:30.581 DEBUG 14416 --- [http-nio-80-exec-5] c.star.dao.BlogDao.getBlogCommentTotal   : ==> Parameters: 
2025-09-27 11:22:30.582 DEBUG 14416 --- [http-nio-80-exec-5] c.star.dao.BlogDao.getBlogCommentTotal   : <==      Total: 1
2025-09-27 11:22:30.583 DEBUG 14416 --- [http-nio-80-exec-5] c.star.dao.BlogDao.getBlogMessageTotal   : ==>  Preparing: select count(*) from myblog.t_message 
2025-09-27 11:22:30.583 DEBUG 14416 --- [http-nio-80-exec-5] c.star.dao.BlogDao.getBlogMessageTotal   : ==> Parameters: 
2025-09-27 11:22:30.584 DEBUG 14416 --- [http-nio-80-exec-5] c.star.dao.BlogDao.getBlogMessageTotal   : <==      Total: 1
2025-09-27 11:22:30.584  INFO 14416 --- [http-nio-80-exec-5] com.star.aspect.LogAspect                : Result : index :: blogMessage
2025-09-27 11:22:34.148 DEBUG 14416 --- [http-nio-80-exec-4] c.s.d.UserDao.findByUsernameAndPassword  : ==>  Preparing: select * from myblog.t_user where username = ? and password = ?; 
2025-09-27 11:22:34.149 DEBUG 14416 --- [http-nio-80-exec-4] c.s.d.UserDao.findByUsernameAndPassword  : ==> Parameters: tear(String), 2a402dd1f1d3ac729528eabdfd2650d0(String)
2025-09-27 11:22:34.151 DEBUG 14416 --- [http-nio-80-exec-4] c.s.d.UserDao.findByUsernameAndPassword  : <==      Total: 1
2025-09-27 11:22:34.225  INFO 14416 --- [http-nio-80-exec-5] com.star.aspect.LogAspect                : Request : {url='http://localhost/footer/blogmessage', ip='0:0:0:0:0:0:0:1', classMethod='com.star.controller.IndexController.blogMessage', args=[{}]}
2025-09-27 11:22:34.225 DEBUG 14416 --- [http-nio-80-exec-5] com.star.dao.BlogDao.getBlogTotal        : ==>  Preparing: select count(*) from myblog.t_blog 
2025-09-27 11:22:34.225 DEBUG 14416 --- [http-nio-80-exec-5] com.star.dao.BlogDao.getBlogTotal        : ==> Parameters: 
2025-09-27 11:22:34.227 DEBUG 14416 --- [http-nio-80-exec-5] com.star.dao.BlogDao.getBlogTotal        : <==      Total: 1
2025-09-27 11:22:34.227 DEBUG 14416 --- [http-nio-80-exec-5] com.star.dao.BlogDao.getBlogViewTotal    : ==>  Preparing: select coalesce (sum(views),0) from myblog.t_blog 
2025-09-27 11:22:34.227 DEBUG 14416 --- [http-nio-80-exec-5] com.star.dao.BlogDao.getBlogViewTotal    : ==> Parameters: 
2025-09-27 11:22:34.228 DEBUG 14416 --- [http-nio-80-exec-5] com.star.dao.BlogDao.getBlogViewTotal    : <==      Total: 1
2025-09-27 11:22:34.229 DEBUG 14416 --- [http-nio-80-exec-5] c.star.dao.BlogDao.getBlogCommentTotal   : ==>  Preparing: select count(*) from myblog.t_comment 
2025-09-27 11:22:34.229 DEBUG 14416 --- [http-nio-80-exec-5] c.star.dao.BlogDao.getBlogCommentTotal   : ==> Parameters: 
2025-09-27 11:22:34.230 DEBUG 14416 --- [http-nio-80-exec-5] c.star.dao.BlogDao.getBlogCommentTotal   : <==      Total: 1
2025-09-27 11:22:34.231 DEBUG 14416 --- [http-nio-80-exec-5] c.star.dao.BlogDao.getBlogMessageTotal   : ==>  Preparing: select count(*) from myblog.t_message 
2025-09-27 11:22:34.231 DEBUG 14416 --- [http-nio-80-exec-5] c.star.dao.BlogDao.getBlogMessageTotal   : ==> Parameters: 
2025-09-27 11:22:34.233 DEBUG 14416 --- [http-nio-80-exec-5] c.star.dao.BlogDao.getBlogMessageTotal   : <==      Total: 1
2025-09-27 11:22:34.233  INFO 14416 --- [http-nio-80-exec-5] com.star.aspect.LogAspect                : Result : index :: blogMessage
2025-09-27 11:22:35.445 DEBUG 14416 --- [http-nio-80-exec-10] c.s.dao.FileUploadDao.listFileUploads    : ==>  Preparing: SELECT * FROM t_file_upload WHERE is_deleted = 0 ORDER BY upload_time DESC 
2025-09-27 11:22:35.445 DEBUG 14416 --- [http-nio-80-exec-10] c.s.dao.FileUploadDao.listFileUploads    : ==> Parameters: 
2025-09-27 11:22:35.446 DEBUG 14416 --- [http-nio-80-exec-10] c.s.dao.FileUploadDao.listFileUploads    : <==      Total: 5
2025-09-27 11:22:35.447 DEBUG 14416 --- [http-nio-80-exec-10] com.star.dao.FileUploadDao.getFileCount  : ==>  Preparing: SELECT COUNT(*) FROM t_file_upload WHERE is_deleted = 0 
2025-09-27 11:22:35.447 DEBUG 14416 --- [http-nio-80-exec-10] com.star.dao.FileUploadDao.getFileCount  : ==> Parameters: 
2025-09-27 11:22:35.448 DEBUG 14416 --- [http-nio-80-exec-10] com.star.dao.FileUploadDao.getFileCount  : <==      Total: 1
2025-09-27 11:22:35.448 DEBUG 14416 --- [http-nio-80-exec-10] c.s.dao.FileUploadDao.getTotalFileSize   : ==>  Preparing: SELECT COALESCE(SUM(file_size), 0) FROM t_file_upload WHERE is_deleted = 0 
2025-09-27 11:22:35.448 DEBUG 14416 --- [http-nio-80-exec-10] c.s.dao.FileUploadDao.getTotalFileSize   : ==> Parameters: 
2025-09-27 11:22:35.449 DEBUG 14416 --- [http-nio-80-exec-10] c.s.dao.FileUploadDao.getTotalFileSize   : <==      Total: 1
2025-09-27 11:22:35.514 DEBUG 14416 --- [http-nio-80-exec-4] com.star.dao.FileUploadDao.getFileCount  : ==>  Preparing: SELECT COUNT(*) FROM t_file_upload WHERE is_deleted = 0 
2025-09-27 11:22:35.514 DEBUG 14416 --- [http-nio-80-exec-4] com.star.dao.FileUploadDao.getFileCount  : ==> Parameters: 
2025-09-27 11:22:35.515 DEBUG 14416 --- [http-nio-80-exec-4] com.star.dao.FileUploadDao.getFileCount  : <==      Total: 1
2025-09-27 11:22:35.515 DEBUG 14416 --- [http-nio-80-exec-4] c.s.dao.FileUploadDao.getTotalFileSize   : ==>  Preparing: SELECT COALESCE(SUM(file_size), 0) FROM t_file_upload WHERE is_deleted = 0 
2025-09-27 11:22:35.515 DEBUG 14416 --- [http-nio-80-exec-4] c.s.dao.FileUploadDao.getTotalFileSize   : ==> Parameters: 
2025-09-27 11:22:35.516 DEBUG 14416 --- [http-nio-80-exec-4] c.s.dao.FileUploadDao.getTotalFileSize   : <==      Total: 1
2025-09-27 11:22:35.516 DEBUG 14416 --- [http-nio-80-exec-5] c.s.d.F.listFileUploadsWithPage          : ==>  Preparing: SELECT * FROM t_file_upload WHERE is_deleted = 0 ORDER BY upload_time DESC LIMIT ?, ? 
2025-09-27 11:22:35.516 DEBUG 14416 --- [http-nio-80-exec-5] c.s.d.F.listFileUploadsWithPage          : ==> Parameters: 0(Integer), 12(Integer)
2025-09-27 11:22:35.518 DEBUG 14416 --- [http-nio-80-exec-5] c.s.d.F.listFileUploadsWithPage          : <==      Total: 5
2025-09-27 11:22:41.126 DEBUG 14416 --- [http-nio-80-exec-9] c.s.d.F.listFileUploadsWithPage          : ==>  Preparing: SELECT * FROM t_file_upload WHERE is_deleted = 0 ORDER BY upload_time DESC LIMIT ?, ? 
2025-09-27 11:22:41.126 DEBUG 14416 --- [http-nio-80-exec-9] c.s.d.F.listFileUploadsWithPage          : ==> Parameters: 0(Integer), 12(Integer)
2025-09-27 11:22:41.128 DEBUG 14416 --- [http-nio-80-exec-9] c.s.d.F.listFileUploadsWithPage          : <==      Total: 5
2025-09-27 11:22:41.436 DEBUG 14416 --- [http-nio-80-exec-10] c.s.d.F.listFileUploadsWithPage          : ==>  Preparing: SELECT * FROM t_file_upload WHERE is_deleted = 0 ORDER BY upload_time DESC LIMIT ?, ? 
2025-09-27 11:22:41.437 DEBUG 14416 --- [http-nio-80-exec-10] c.s.d.F.listFileUploadsWithPage          : ==> Parameters: 0(Integer), 12(Integer)
2025-09-27 11:22:41.438 DEBUG 14416 --- [http-nio-80-exec-10] c.s.d.F.listFileUploadsWithPage          : <==      Total: 5
2025-09-27 11:22:44.471 DEBUG 14416 --- [http-nio-80-exec-3] c.s.dao.FileUploadDao.listFileUploads    : ==>  Preparing: SELECT * FROM t_file_upload WHERE is_deleted = 0 ORDER BY upload_time DESC 
2025-09-27 11:22:44.471 DEBUG 14416 --- [http-nio-80-exec-3] c.s.dao.FileUploadDao.listFileUploads    : ==> Parameters: 
2025-09-27 11:22:44.473 DEBUG 14416 --- [http-nio-80-exec-3] c.s.dao.FileUploadDao.listFileUploads    : <==      Total: 5
2025-09-27 11:22:44.474 DEBUG 14416 --- [http-nio-80-exec-3] com.star.dao.FileUploadDao.getFileCount  : ==>  Preparing: SELECT COUNT(*) FROM t_file_upload WHERE is_deleted = 0 
2025-09-27 11:22:44.474 DEBUG 14416 --- [http-nio-80-exec-3] com.star.dao.FileUploadDao.getFileCount  : ==> Parameters: 
2025-09-27 11:22:44.475 DEBUG 14416 --- [http-nio-80-exec-3] com.star.dao.FileUploadDao.getFileCount  : <==      Total: 1
2025-09-27 11:22:44.475 DEBUG 14416 --- [http-nio-80-exec-3] c.s.dao.FileUploadDao.getTotalFileSize   : ==>  Preparing: SELECT COALESCE(SUM(file_size), 0) FROM t_file_upload WHERE is_deleted = 0 
2025-09-27 11:22:44.476 DEBUG 14416 --- [http-nio-80-exec-3] c.s.dao.FileUploadDao.getTotalFileSize   : ==> Parameters: 
2025-09-27 11:22:44.477 DEBUG 14416 --- [http-nio-80-exec-3] c.s.dao.FileUploadDao.getTotalFileSize   : <==      Total: 1
2025-09-27 11:22:44.569 DEBUG 14416 --- [http-nio-80-exec-7] com.star.dao.FileUploadDao.getFileCount  : ==>  Preparing: SELECT COUNT(*) FROM t_file_upload WHERE is_deleted = 0 
2025-09-27 11:22:44.569 DEBUG 14416 --- [http-nio-80-exec-7] com.star.dao.FileUploadDao.getFileCount  : ==> Parameters: 
2025-09-27 11:22:44.570 DEBUG 14416 --- [http-nio-80-exec-7] com.star.dao.FileUploadDao.getFileCount  : <==      Total: 1
2025-09-27 11:22:44.571 DEBUG 14416 --- [http-nio-80-exec-7] c.s.dao.FileUploadDao.getTotalFileSize   : ==>  Preparing: SELECT COALESCE(SUM(file_size), 0) FROM t_file_upload WHERE is_deleted = 0 
2025-09-27 11:22:44.571 DEBUG 14416 --- [http-nio-80-exec-7] c.s.dao.FileUploadDao.getTotalFileSize   : ==> Parameters: 
2025-09-27 11:22:44.571 DEBUG 14416 --- [http-nio-80-exec-1] c.s.d.F.listFileUploadsWithPage          : ==>  Preparing: SELECT * FROM t_file_upload WHERE is_deleted = 0 ORDER BY upload_time DESC LIMIT ?, ? 
2025-09-27 11:22:44.572 DEBUG 14416 --- [http-nio-80-exec-1] c.s.d.F.listFileUploadsWithPage          : ==> Parameters: 0(Integer), 12(Integer)
2025-09-27 11:22:44.572 DEBUG 14416 --- [http-nio-80-exec-7] c.s.dao.FileUploadDao.getTotalFileSize   : <==      Total: 1
2025-09-27 11:22:44.574 DEBUG 14416 --- [http-nio-80-exec-1] c.s.d.F.listFileUploadsWithPage          : <==      Total: 5
2025-09-27 11:23:20.064  INFO 14416 --- [http-nio-80-exec-3] com.star.aspect.LogAspect                : Request : {url='http://localhost/', ip='0:0:0:0:0:0:0:1', classMethod='com.star.controller.IndexController.index', args=[{}, 1, {}]}
2025-09-27 11:23:20.065 DEBUG 14416 --- [http-nio-80-exec-3] c.s.dao.BlogDao.getFirstPageBlog_COUNT   : ==>  Preparing: SELECT count(0) FROM myblog.t_blog b, myblog.t_type t, myblog.t_user u WHERE b.type_id = t.id AND u.id = b.user_id AND b.published = 1 
2025-09-27 11:23:20.066 DEBUG 14416 --- [http-nio-80-exec-3] c.s.dao.BlogDao.getFirstPageBlog_COUNT   : ==> Parameters: 
2025-09-27 11:23:20.067 DEBUG 14416 --- [http-nio-80-exec-3] c.s.dao.BlogDao.getFirstPageBlog_COUNT   : <==      Total: 1
2025-09-27 11:23:20.068 DEBUG 14416 --- [http-nio-80-exec-3] c.star.dao.BlogDao.getAllRecommendBlog   : ==>  Preparing: SELECT * FROM myblog.t_blog WHERE t_blog.recommend = TRUE ORDER BY t_blog.create_time DESC LIMIT 4 
2025-09-27 11:23:20.068 DEBUG 14416 --- [http-nio-80-exec-3] c.star.dao.BlogDao.getAllRecommendBlog   : ==> Parameters: 
2025-09-27 11:23:20.069 DEBUG 14416 --- [http-nio-80-exec-3] c.star.dao.BlogDao.getAllRecommendBlog   : <==      Total: 2
2025-09-27 11:23:20.070 DEBUG 14416 --- [http-nio-80-exec-3] com.star.dao.BlogDao.getNewComment       : ==>  Preparing: SELECT * FROM myblog.t_comment c, myblog.t_blog b WHERE c.blog_id = b.id ORDER BY c.create_time DESC LIMIT 10 
2025-09-27 11:23:20.070 DEBUG 14416 --- [http-nio-80-exec-3] com.star.dao.BlogDao.getNewComment       : ==> Parameters: 
2025-09-27 11:23:20.071 DEBUG 14416 --- [http-nio-80-exec-3] com.star.dao.BlogDao.getNewComment       : <==      Total: 1
2025-09-27 11:23:20.071  INFO 14416 --- [http-nio-80-exec-3] com.star.aspect.LogAspect                : Result : index
2025-09-27 11:23:20.235  INFO 14416 --- [http-nio-80-exec-7] com.star.aspect.LogAspect                : Request : {url='http://localhost/footer/blogmessage', ip='0:0:0:0:0:0:0:1', classMethod='com.star.controller.IndexController.blogMessage', args=[{}]}
2025-09-27 11:23:20.235 DEBUG 14416 --- [http-nio-80-exec-7] com.star.dao.BlogDao.getBlogTotal        : ==>  Preparing: select count(*) from myblog.t_blog 
2025-09-27 11:23:20.236 DEBUG 14416 --- [http-nio-80-exec-7] com.star.dao.BlogDao.getBlogTotal        : ==> Parameters: 
2025-09-27 11:23:20.237 DEBUG 14416 --- [http-nio-80-exec-7] com.star.dao.BlogDao.getBlogTotal        : <==      Total: 1
2025-09-27 11:23:20.237 DEBUG 14416 --- [http-nio-80-exec-7] com.star.dao.BlogDao.getBlogViewTotal    : ==>  Preparing: select coalesce (sum(views),0) from myblog.t_blog 
2025-09-27 11:23:20.238 DEBUG 14416 --- [http-nio-80-exec-7] com.star.dao.BlogDao.getBlogViewTotal    : ==> Parameters: 
2025-09-27 11:23:20.239 DEBUG 14416 --- [http-nio-80-exec-7] com.star.dao.BlogDao.getBlogViewTotal    : <==      Total: 1
2025-09-27 11:23:20.239 DEBUG 14416 --- [http-nio-80-exec-7] c.star.dao.BlogDao.getBlogCommentTotal   : ==>  Preparing: select count(*) from myblog.t_comment 
2025-09-27 11:23:20.239 DEBUG 14416 --- [http-nio-80-exec-7] c.star.dao.BlogDao.getBlogCommentTotal   : ==> Parameters: 
2025-09-27 11:23:20.240 DEBUG 14416 --- [http-nio-80-exec-7] c.star.dao.BlogDao.getBlogCommentTotal   : <==      Total: 1
2025-09-27 11:23:20.241 DEBUG 14416 --- [http-nio-80-exec-7] c.star.dao.BlogDao.getBlogMessageTotal   : ==>  Preparing: select count(*) from myblog.t_message 
2025-09-27 11:23:20.241 DEBUG 14416 --- [http-nio-80-exec-7] c.star.dao.BlogDao.getBlogMessageTotal   : ==> Parameters: 
2025-09-27 11:23:20.242 DEBUG 14416 --- [http-nio-80-exec-7] c.star.dao.BlogDao.getBlogMessageTotal   : <==      Total: 1
2025-09-27 11:23:20.242  INFO 14416 --- [http-nio-80-exec-7] com.star.aspect.LogAspect                : Result : index :: blogMessage
2025-09-27 11:23:21.717  INFO 14416 --- [http-nio-80-exec-3] com.star.aspect.LogAspect                : Request : {url='http://localhost/public_files', ip='0:0:0:0:0:0:0:1', classMethod='com.star.controller.PublicFilesController.publicFiles', args=[]}
2025-09-27 11:23:21.717  INFO 14416 --- [http-nio-80-exec-3] com.star.aspect.LogAspect                : Result : public_files
2025-09-27 11:23:21.837  INFO 14416 --- [http-nio-80-exec-7] com.star.aspect.LogAspect                : Request : {url='http://localhost/api/files/public/statistics', ip='0:0:0:0:0:0:0:1', classMethod='com.star.controller.FileDownloadController.getPublicStatistics', args=[]}
2025-09-27 11:23:21.838 DEBUG 14416 --- [http-nio-80-exec-7] c.s.dao.FileUploadDao.listFileUploads    : ==>  Preparing: SELECT * FROM t_file_upload WHERE is_deleted = 0 ORDER BY upload_time DESC 
2025-09-27 11:23:21.838 DEBUG 14416 --- [http-nio-80-exec-7] c.s.dao.FileUploadDao.listFileUploads    : ==> Parameters: 
2025-09-27 11:23:21.840  INFO 14416 --- [http-nio-80-exec-1] com.star.aspect.LogAspect                : Request : {url='http://localhost/api/files/public/list', ip='0:0:0:0:0:0:0:1', classMethod='com.star.controller.FileDownloadController.getPublicFileList', args=[, 1, 12]}
2025-09-27 11:23:21.840 DEBUG 14416 --- [http-nio-80-exec-7] c.s.dao.FileUploadDao.listFileUploads    : <==      Total: 5
2025-09-27 11:23:21.840  INFO 14416 --- [http-nio-80-exec-7] com.star.aspect.LogAspect                : Result : com.star.response.Response@52185125
2025-09-27 11:23:21.840 DEBUG 14416 --- [http-nio-80-exec-1] c.s.d.F.listFileUploadsWithPage          : ==>  Preparing: SELECT * FROM t_file_upload WHERE is_deleted = 0 ORDER BY upload_time DESC LIMIT ?, ? 
2025-09-27 11:23:21.841 DEBUG 14416 --- [http-nio-80-exec-1] c.s.d.F.listFileUploadsWithPage          : ==> Parameters: 0(Integer), 12(Integer)
2025-09-27 11:23:21.843 DEBUG 14416 --- [http-nio-80-exec-1] c.s.d.F.listFileUploadsWithPage          : <==      Total: 5
2025-09-27 11:23:21.843  INFO 14416 --- [http-nio-80-exec-1] com.star.aspect.LogAspect                : Result : com.star.response.Response@5b040b0
2025-09-27 11:23:28.451  INFO 14416 --- [http-nio-80-exec-3] com.star.aspect.LogAspect                : Request : {url='http://localhost/public_files', ip='0:0:0:0:0:0:0:1', classMethod='com.star.controller.PublicFilesController.publicFiles', args=[]}
2025-09-27 11:23:28.451  INFO 14416 --- [http-nio-80-exec-3] com.star.aspect.LogAspect                : Result : public_files
2025-09-27 11:23:28.508  INFO 14416 --- [http-nio-80-exec-6] com.star.aspect.LogAspect                : Request : {url='http://localhost/api/files/public/statistics', ip='0:0:0:0:0:0:0:1', classMethod='com.star.controller.FileDownloadController.getPublicStatistics', args=[]}
2025-09-27 11:23:28.508 DEBUG 14416 --- [http-nio-80-exec-6] c.s.dao.FileUploadDao.listFileUploads    : ==>  Preparing: SELECT * FROM t_file_upload WHERE is_deleted = 0 ORDER BY upload_time DESC 
2025-09-27 11:23:28.509  INFO 14416 --- [http-nio-80-exec-7] com.star.aspect.LogAspect                : Request : {url='http://localhost/api/files/public/list', ip='0:0:0:0:0:0:0:1', classMethod='com.star.controller.FileDownloadController.getPublicFileList', args=[, 1, 12]}
2025-09-27 11:23:28.509 DEBUG 14416 --- [http-nio-80-exec-6] c.s.dao.FileUploadDao.listFileUploads    : ==> Parameters: 
2025-09-27 11:23:28.509 DEBUG 14416 --- [http-nio-80-exec-7] c.s.d.F.listFileUploadsWithPage          : ==>  Preparing: SELECT * FROM t_file_upload WHERE is_deleted = 0 ORDER BY upload_time DESC LIMIT ?, ? 
2025-09-27 11:23:28.509 DEBUG 14416 --- [http-nio-80-exec-7] c.s.d.F.listFileUploadsWithPage          : ==> Parameters: 0(Integer), 12(Integer)
2025-09-27 11:23:28.510 DEBUG 14416 --- [http-nio-80-exec-6] c.s.dao.FileUploadDao.listFileUploads    : <==      Total: 5
2025-09-27 11:23:28.511 DEBUG 14416 --- [http-nio-80-exec-7] c.s.d.F.listFileUploadsWithPage          : <==      Total: 5
2025-09-27 11:23:28.511  INFO 14416 --- [http-nio-80-exec-6] com.star.aspect.LogAspect                : Result : com.star.response.Response@2cfed3ba
2025-09-27 11:23:28.511  INFO 14416 --- [http-nio-80-exec-7] com.star.aspect.LogAspect                : Result : com.star.response.Response@358a342c
2025-09-27 11:23:31.021  INFO 14416 --- [http-nio-80-exec-8] com.star.aspect.LogAspect                : Request : {url='http://localhost/public_files', ip='0:0:0:0:0:0:0:1', classMethod='com.star.controller.PublicFilesController.publicFiles', args=[]}
2025-09-27 11:23:31.021  INFO 14416 --- [http-nio-80-exec-8] com.star.aspect.LogAspect                : Result : public_files
2025-09-27 11:23:31.124  INFO 14416 --- [http-nio-80-exec-1] com.star.aspect.LogAspect                : Request : {url='http://localhost/api/files/public/statistics', ip='0:0:0:0:0:0:0:1', classMethod='com.star.controller.FileDownloadController.getPublicStatistics', args=[]}
2025-09-27 11:23:31.125 DEBUG 14416 --- [http-nio-80-exec-1] c.s.dao.FileUploadDao.listFileUploads    : ==>  Preparing: SELECT * FROM t_file_upload WHERE is_deleted = 0 ORDER BY upload_time DESC 
2025-09-27 11:23:31.125 DEBUG 14416 --- [http-nio-80-exec-1] c.s.dao.FileUploadDao.listFileUploads    : ==> Parameters: 
2025-09-27 11:23:31.126  INFO 14416 --- [http-nio-80-exec-4] com.star.aspect.LogAspect                : Request : {url='http://localhost/api/files/public/list', ip='0:0:0:0:0:0:0:1', classMethod='com.star.controller.FileDownloadController.getPublicFileList', args=[, 1, 12]}
2025-09-27 11:23:31.127 DEBUG 14416 --- [http-nio-80-exec-4] c.s.d.F.listFileUploadsWithPage          : ==>  Preparing: SELECT * FROM t_file_upload WHERE is_deleted = 0 ORDER BY upload_time DESC LIMIT ?, ? 
2025-09-27 11:23:31.127 DEBUG 14416 --- [http-nio-80-exec-1] c.s.dao.FileUploadDao.listFileUploads    : <==      Total: 5
2025-09-27 11:23:31.127 DEBUG 14416 --- [http-nio-80-exec-4] c.s.d.F.listFileUploadsWithPage          : ==> Parameters: 0(Integer), 12(Integer)
2025-09-27 11:23:31.127  INFO 14416 --- [http-nio-80-exec-1] com.star.aspect.LogAspect                : Result : com.star.response.Response@1fe0c95f
2025-09-27 11:23:31.128 DEBUG 14416 --- [http-nio-80-exec-4] c.s.d.F.listFileUploadsWithPage          : <==      Total: 5
2025-09-27 11:23:31.128  INFO 14416 --- [http-nio-80-exec-4] com.star.aspect.LogAspect                : Result : com.star.response.Response@562f5121
2025-09-27 11:25:10.818  INFO 14416 --- [SpringContextShutdownHook] o.s.s.concurrent.ThreadPoolTaskExecutor  : Shutting down ExecutorService 'applicationTaskExecutor'
2025-09-27 11:25:10.819  INFO 14416 --- [SpringContextShutdownHook] com.zaxxer.hikari.HikariDataSource       : HikariPool-1 - Shutdown initiated...
2025-09-27 11:25:10.825  INFO 14416 --- [SpringContextShutdownHook] com.zaxxer.hikari.HikariDataSource       : HikariPool-1 - Shutdown completed.
2025-09-27 11:25:13.085  INFO 11528 --- [restartedMain] com.star.MyblogApplication               : Starting MyblogApplication on DESKTOP-ARREJ2C with PID 11528 (started by tear in D:\Wj_WUWorkProject\星光博客myblog)
2025-09-27 11:25:13.088 DEBUG 11528 --- [restartedMain] com.star.MyblogApplication               : Running with Spring Boot v2.2.5.RELEASE, Spring v5.2.4.RELEASE
2025-09-27 11:25:13.088  INFO 11528 --- [restartedMain] com.star.MyblogApplication               : No active profile set, falling back to default profiles: default
2025-09-27 11:25:13.132  INFO 11528 --- [restartedMain] .e.DevToolsPropertyDefaultsPostProcessor : Devtools property defaults active! Set 'spring.devtools.add-properties' to 'false' to disable
2025-09-27 11:25:13.132  INFO 11528 --- [restartedMain] .e.DevToolsPropertyDefaultsPostProcessor : For additional web related logging consider setting the 'logging.level.web' property to 'DEBUG'
2025-09-27 11:25:13.692  INFO 11528 --- [restartedMain] .s.d.r.c.RepositoryConfigurationDelegate : Multiple Spring Data modules found, entering strict repository configuration mode!
2025-09-27 11:25:13.694  INFO 11528 --- [restartedMain] .s.d.r.c.RepositoryConfigurationDelegate : Bootstrapping Spring Data Redis repositories in DEFAULT mode.
2025-09-27 11:25:13.715  INFO 11528 --- [restartedMain] .s.d.r.c.RepositoryConfigurationDelegate : Finished Spring Data repository scanning in 12ms. Found 0 Redis repository interfaces.
2025-09-27 11:25:14.176  INFO 11528 --- [restartedMain] trationDelegate$BeanPostProcessorChecker : Bean 'redisConfig' of type [com.star.config.RedisConfig$$EnhancerBySpringCGLIB$$5ee0e1af] is not eligible for getting processed by all BeanPostProcessors (for example: not eligible for auto-proxying)
2025-09-27 11:25:14.459  INFO 11528 --- [restartedMain] o.s.b.w.embedded.tomcat.TomcatWebServer  : Tomcat initialized with port(s): 80 (http)
2025-09-27 11:25:14.467  INFO 11528 --- [restartedMain] o.apache.catalina.core.StandardService   : Starting service [Tomcat]
2025-09-27 11:25:14.467  INFO 11528 --- [restartedMain] org.apache.catalina.core.StandardEngine  : Starting Servlet engine: [Apache Tomcat/9.0.31]
2025-09-27 11:25:14.526  INFO 11528 --- [restartedMain] o.a.c.c.C.[Tomcat].[localhost].[/]       : Initializing Spring embedded WebApplicationContext
2025-09-27 11:25:14.527  INFO 11528 --- [restartedMain] o.s.web.context.ContextLoader            : Root WebApplicationContext: initialization completed in 1395 ms
2025-09-27 11:25:15.564  INFO 11528 --- [restartedMain] o.s.s.concurrent.ThreadPoolTaskExecutor  : Initializing ExecutorService 'applicationTaskExecutor'
2025-09-27 11:25:15.652  INFO 11528 --- [restartedMain] o.s.b.a.w.s.WelcomePageHandlerMapping    : Adding welcome page template: index
2025-09-27 11:25:16.145  INFO 11528 --- [restartedMain] o.s.b.d.a.OptionalLiveReloadServer       : LiveReload server is running on port 35729
2025-09-27 11:25:16.222  INFO 11528 --- [restartedMain] o.s.b.w.embedded.tomcat.TomcatWebServer  : Tomcat started on port(s): 80 (http) with context path ''
2025-09-27 11:25:16.225  INFO 11528 --- [restartedMain] com.star.MyblogApplication               : Started MyblogApplication in 3.451 seconds (JVM running for 4.179)
2025-09-27 11:25:22.814  INFO 11528 --- [http-nio-80-exec-1] o.a.c.c.C.[Tomcat].[localhost].[/]       : Initializing Spring DispatcherServlet 'dispatcherServlet'
2025-09-27 11:25:22.814  INFO 11528 --- [http-nio-80-exec-1] o.s.web.servlet.DispatcherServlet        : Initializing Servlet 'dispatcherServlet'
2025-09-27 11:25:22.822  INFO 11528 --- [http-nio-80-exec-1] o.s.web.servlet.DispatcherServlet        : Completed initialization in 7 ms
2025-09-27 11:25:22.840  INFO 11528 --- [http-nio-80-exec-1] com.star.aspect.LogAspect                : Request : {url='http://localhost/public_files', ip='0:0:0:0:0:0:0:1', classMethod='com.star.controller.PublicFilesController.publicFiles', args=[]}
2025-09-27 11:25:22.844  INFO 11528 --- [http-nio-80-exec-1] com.star.aspect.LogAspect                : Result : public_files
2025-09-27 11:25:23.084  INFO 11528 --- [http-nio-80-exec-8] com.star.aspect.LogAspect                : Request : {url='http://localhost/api/files/public/statistics', ip='0:0:0:0:0:0:0:1', classMethod='com.star.controller.FileDownloadController.getPublicStatistics', args=[]}
2025-09-27 11:25:23.094  INFO 11528 --- [http-nio-80-exec-9] com.star.aspect.LogAspect                : Request : {url='http://localhost/api/files/public/list', ip='0:0:0:0:0:0:0:1', classMethod='com.star.controller.FileDownloadController.getPublicFileList', args=[, 1, 12]}
2025-09-27 11:25:23.109  INFO 11528 --- [http-nio-80-exec-9] com.zaxxer.hikari.HikariDataSource       : HikariPool-1 - Starting...
2025-09-27 11:25:23.215  INFO 11528 --- [http-nio-80-exec-9] com.zaxxer.hikari.HikariDataSource       : HikariPool-1 - Start completed.
2025-09-27 11:25:23.222 DEBUG 11528 --- [http-nio-80-exec-8] c.s.dao.FileUploadDao.listFileUploads    : ==>  Preparing: SELECT * FROM t_file_upload WHERE is_deleted = 0 ORDER BY upload_time DESC 
2025-09-27 11:25:23.222 DEBUG 11528 --- [http-nio-80-exec-9] c.s.d.F.listFileUploadsWithPage          : ==>  Preparing: SELECT * FROM t_file_upload WHERE is_deleted = 0 ORDER BY upload_time DESC LIMIT ?, ? 
2025-09-27 11:25:23.245 DEBUG 11528 --- [http-nio-80-exec-8] c.s.dao.FileUploadDao.listFileUploads    : ==> Parameters: 
2025-09-27 11:25:23.246 DEBUG 11528 --- [http-nio-80-exec-9] c.s.d.F.listFileUploadsWithPage          : ==> Parameters: 0(Integer), 12(Integer)
2025-09-27 11:25:23.266 DEBUG 11528 --- [http-nio-80-exec-8] c.s.dao.FileUploadDao.listFileUploads    : <==      Total: 5
2025-09-27 11:25:23.267 DEBUG 11528 --- [http-nio-80-exec-9] c.s.d.F.listFileUploadsWithPage          : <==      Total: 5
2025-09-27 11:25:23.271  INFO 11528 --- [http-nio-80-exec-8] com.star.aspect.LogAspect                : Result : com.star.response.Response@2628fd7a
2025-09-27 11:25:23.271  INFO 11528 --- [http-nio-80-exec-9] com.star.aspect.LogAspect                : Result : com.star.response.Response@14ea3c24
2025-09-27 11:25:25.544  INFO 11528 --- [http-nio-80-exec-10] com.star.aspect.LogAspect                : Request : {url='http://localhost/api/files/public/info/4', ip='0:0:0:0:0:0:0:1', classMethod='com.star.controller.FileDownloadController.getPublicFileInfo', args=[4]}
2025-09-27 11:25:25.545 DEBUG 11528 --- [http-nio-80-exec-10] c.s.dao.FileUploadDao.getFileUploadById  : ==>  Preparing: SELECT * FROM t_file_upload WHERE id = ? AND is_deleted = 0 
2025-09-27 11:25:25.547 DEBUG 11528 --- [http-nio-80-exec-10] c.s.dao.FileUploadDao.getFileUploadById  : ==> Parameters: 4(Long)
2025-09-27 11:25:25.548 DEBUG 11528 --- [http-nio-80-exec-10] c.s.dao.FileUploadDao.getFileUploadById  : <==      Total: 1
2025-09-27 11:25:25.548  INFO 11528 --- [http-nio-80-exec-10] com.star.aspect.LogAspect                : Result : com.star.response.Response@22c40551
2025-09-27 11:25:28.267  INFO 11528 --- [http-nio-80-exec-1] com.star.aspect.LogAspect                : Request : {url='http://localhost/api/files/public/info/4', ip='0:0:0:0:0:0:0:1', classMethod='com.star.controller.FileDownloadController.getPublicFileInfo', args=[4]}
2025-09-27 11:25:28.268 DEBUG 11528 --- [http-nio-80-exec-1] c.s.dao.FileUploadDao.getFileUploadById  : ==>  Preparing: SELECT * FROM t_file_upload WHERE id = ? AND is_deleted = 0 
2025-09-27 11:25:28.268 DEBUG 11528 --- [http-nio-80-exec-1] c.s.dao.FileUploadDao.getFileUploadById  : ==> Parameters: 4(Long)
2025-09-27 11:25:28.270 DEBUG 11528 --- [http-nio-80-exec-1] c.s.dao.FileUploadDao.getFileUploadById  : <==      Total: 1
2025-09-27 11:25:28.270  INFO 11528 --- [http-nio-80-exec-1] com.star.aspect.LogAspect                : Result : com.star.response.Response@40a79b50
2025-09-27 11:25:31.933  INFO 11528 --- [http-nio-80-exec-3] com.star.aspect.LogAspect                : Request : {url='http://localhost/api/files/public/info/3', ip='0:0:0:0:0:0:0:1', classMethod='com.star.controller.FileDownloadController.getPublicFileInfo', args=[3]}
2025-09-27 11:25:31.934 DEBUG 11528 --- [http-nio-80-exec-3] c.s.dao.FileUploadDao.getFileUploadById  : ==>  Preparing: SELECT * FROM t_file_upload WHERE id = ? AND is_deleted = 0 
2025-09-27 11:25:31.934 DEBUG 11528 --- [http-nio-80-exec-3] c.s.dao.FileUploadDao.getFileUploadById  : ==> Parameters: 3(Long)
2025-09-27 11:25:31.935 DEBUG 11528 --- [http-nio-80-exec-3] c.s.dao.FileUploadDao.getFileUploadById  : <==      Total: 1
2025-09-27 11:25:31.936  INFO 11528 --- [http-nio-80-exec-3] com.star.aspect.LogAspect                : Result : com.star.response.Response@4e68d39c
2025-09-27 11:25:32.869  INFO 11528 --- [http-nio-80-exec-4] io.lettuce.core.EpollProvider            : Starting without optional epoll library
2025-09-27 11:25:32.870  INFO 11528 --- [http-nio-80-exec-4] io.lettuce.core.KqueueProvider           : Starting without optional kqueue library
2025-09-27 11:25:33.014  INFO 11528 --- [http-nio-80-exec-4] com.star.aspect.LogAspect                : Request : {url='http://localhost/api/files/download/3', ip='0:0:0:0:0:0:0:1', classMethod='com.star.controller.FileDownloadController.downloadFile', args=[3, org.apache.catalina.connector.ResponseFacade@5b4ae50f]}
2025-09-27 11:25:33.014 DEBUG 11528 --- [http-nio-80-exec-4] c.s.dao.FileUploadDao.getFileUploadById  : ==>  Preparing: SELECT * FROM t_file_upload WHERE id = ? AND is_deleted = 0 
2025-09-27 11:25:33.015 DEBUG 11528 --- [http-nio-80-exec-4] c.s.dao.FileUploadDao.getFileUploadById  : ==> Parameters: 3(Long)
2025-09-27 11:25:33.016 DEBUG 11528 --- [http-nio-80-exec-4] c.s.dao.FileUploadDao.getFileUploadById  : <==      Total: 1
2025-09-27 11:25:33.018 DEBUG 11528 --- [http-nio-80-exec-4] c.s.d.F.incrementDownloadCount           : ==>  Preparing: UPDATE t_file_upload SET download_count = download_count + 1 WHERE id = ? AND is_deleted = 0 
2025-09-27 11:25:33.018 DEBUG 11528 --- [http-nio-80-exec-4] c.s.d.F.incrementDownloadCount           : ==> Parameters: 3(Long)
2025-09-27 11:25:33.025 DEBUG 11528 --- [http-nio-80-exec-4] c.s.d.F.incrementDownloadCount           : <==    Updates: 1
2025-09-27 11:25:33.037  INFO 11528 --- [http-nio-80-exec-4] com.star.aspect.LogAspect                : Result : null
2025-09-27 11:25:40.643  INFO 11528 --- [SpringContextShutdownHook] o.s.s.concurrent.ThreadPoolTaskExecutor  : Shutting down ExecutorService 'applicationTaskExecutor'
2025-09-27 11:25:40.644  INFO 11528 --- [SpringContextShutdownHook] com.zaxxer.hikari.HikariDataSource       : HikariPool-1 - Shutdown initiated...
2025-09-27 11:25:40.650  INFO 11528 --- [SpringContextShutdownHook] com.zaxxer.hikari.HikariDataSource       : HikariPool-1 - Shutdown completed.
